SMSID,SourceMSISDN,DestinationMSISDN,SMSDate,Direction,MessageType,ChargeAmount
1,740000082,772123456,2026-05-15,MT,Promotional,50
2,710000049,755123456,2026-01-12,MO,Transactional,50
3,710000073,772123456,2026-02-11,MO,Promotional,50
4,710000099,772123456,2026-04-18,MT,Transactional,50
5,740000094,755123456,2026-03-15,OUT,Promotional,50
6,740000017,772123456,2026-06-09,MT,Promotional,50
7,710000059,755123456,2026-05-20,MO,Transactional,50
9,710000053,772123456,2026-06-03,MO,Promotional,50
10,710000071,740000036,2026-06-10,MO,Promotional,50
11,710000024,772123456,2026-06-17,MT,Promotional,50
12,740000019,710000005,2026-05-28,MT,Transactional,50
13,740000012,772123456,2026-04-17,MO,Promotional,50
14,740000087,710000037,2026-06-19,MO,Transactional,50
15,740000096,755123456,2026-01-10,MO,Transactional,50
16,740000042,755123456,2026-01-18,MT,Promotional,50
17,710000038,772123456,2026-02-01,MT,Transactional,50
18,710000068,710000053,2026-02-23,MO,Promotional,50
19,710000014,740000074,2026-06-11,MO,Transactional,50
20,710000093,740000089,2026-06-30,MT,Transactional,50
21,740000078,755123456,2026-05-15,MT,Promotional,50
22,710000079,755123456,2026-05-14,MT,Transactional,50
23,710000024,772123456,2026-03-16,MO,Promotional,50
24,740000016,755123456,2026-06-10,MO,Promotional,50
25,710000079,755123456,2026-01-12,MT,Transactional,50
26,740000072,772123456,2026-01-03,MO,Transactional,50
27,710000033,755123456,2026-03-18,MT,Promotional,50
28,740000015,755123456,2026-03-29,MT,Promotional,50
29,740000023,755123456,2026-03-28,MT,Transactional,50
30,710000005,772123456,2026-05-04,MO,Transactional,50
31,740000069,755123456,2026-04-16,MO,Transactional,50
32,710000073,710000093,2026-03-22,MO,Promotional,50
33,740000074,755123456,2026-04-01,MO,Promotional,50
34,740000036,755123456,2026-04-07,MO,Transactional,50
35,710000024,772123456,2026-03-20,MT,Promotional,50
36,740000035,772123456,2026-05-08,MO,Transactional,50
37,740000058,772123456,2026-05-15,MT,Promotional,50
38,740000015,772123456,2026-02-21,MO,Transactional,50
39,710000065,755123456,2026-05-09,MO,Promotional,50
40,710000044,710000062,2026-05-15,MT,Transactional,50
41,740000019,772123456,2026-05-13,MO,Promotional,50
42,710000093,755123456,2026-04-10,MO,Promotional,50
43,740000040,740000006,2026-06-02,MO,Transactional,50
44,740000060,772123456,2026-05-14,MT,Promotional,50
45,740000074,755123456,2026-06-13,MO,Transactional,50
46,740000026,755123456,2026-03-12,MT,Transactional,50
47,710000086,755123456,2026-02-08,MO,Transactional,50
48,740000015,710000002,2026-05-24,MO,Promotional,50
49,740000070,710000045,2026-03-23,MT,Promotional,50
50,740000091,710000037,2026-03-04,MO,Promotional,50
51,740000040,755123456,2026-05-19,MT,Promotional,50
52,740000017,755123456,2026-06-22,MO,Promotional,50
53,740000050,772123456,2026-04-20,MT,Promotional,50
54,740000091,740000077,2026-06-11,MT,Transactional,50
55,740000040,772123456,2026-06-21,MO,Transactional,50
56,710000073,772123456,2026-06-28,MT,Promotional,50
57,710000059,740000040,2026-06-14,MT,Transactional,50
58,710000030,772123456,2026-06-07,MT,Transactional,50
59,740000051,710000024,2026-06-20,MT,Transactional,50
60,710000059,772123456,2026-01-17,MT,Promotional,50
61,710000045,755123456,2026-02-13,MT,Transactional,50
62,740000078,772123456,2026-05-11,MO,Transactional,50
63,740000092,755123456,2026-05-23,MO,Transactional,50
64,740000069,755123456,2026-06-01,MT,Promotional,50
65,710000080,710000032,2026-02-10,MT,Transactional,50
66,740000009,772123456,2026-06-27,MT,Transactional,50
67,710000073,710000044,2026-06-27,MO,Promotional,50
68,740000085,772123456,2026-05-27,MT,Promotional,50
69,710000076,755123456,2026-03-25,MO,Transactional,50
70,740000023,755123456,2026-01-18,MO,Transactional,50
71,740000042,710000064,2026-06-19,MO,Promotional,50
72,710000028,710000018,2026-06-12,MO,Promotional,50
73,740000085,755123456,2026-05-17,MT,Transactional,50
74,710000079,755123456,2026-02-20,MO,Transactional,50
75,740000039,710000073,2026-03-19,MT,Transactional,50
76,740000012,772123456,2026-06-06,MT,Promotional,50
77,710000038,755123456,2026-05-21,MO,Promotional,50
78,740000091,755123456,2026-01-29,MT,Promotional,50
79,740000031,710000056,2026-06-01,MT,Transactional,50
80,740000092,755123456,2026-04-08,MT,Promotional,50
81,740000085,755123456,2026-02-05,MO,Transactional,50
82,740000047,772123456,2026-03-15,MO,Promotional,50
83,710000002,740000010,2026-01-05,MO,Transactional,50
84,740000085,772123456,2026-01-22,MO,Transactional,50
85,710000059,710000090,2026-04-19,MO,Transactional,50
86,710000066,710000055,2026-04-26,MT,Transactional,50
87,740000029,755123456,2026-06-04,MO,Transactional,50
88,740000094,740000031,2026-05-09,MT,Transactional,50
89,740000070,755123456,2026-01-09,MO,Transactional,50
90,740000091,772123456,2026-05-29,MT,Promotional,50
91,740000019,740000094,2026-05-15,MT,Transactional,50
92,710000067,710000011,2026-06-06,MO,Promotional,50
93,740000061,740000081,2026-06-19,MO,Transactional,50
94,710000079,755123456,2026-05-17,MO,Transactional,50
95,710000059,755123456,2026-05-27,MT,Transactional,50
96,740000046,755123456,2026-02-12,MO,Transactional,50
97,740000094,755123456,2026-01-16,MT,Promotional,50
98,740000074,740000007,2026-03-16,MO,Transactional,50
99,710000063,772123456,2026-05-10,MO,Transactional,50
100,710000033,740000017,2026-03-13,MT,Transactional,50
101,710000002,772123456,2026-06-04,MO,Promotional,50
102,740000085,755123456,2026-02-14,MT,Promotional,50
103,710000063,710000024,2026-01-09,MT,Promotional,50
104,740000019,772123456,2026-05-07,MT,Transactional,50
105,740000031,755123456,2026-06-13,MO,Promotional,50
106,740000074,755123456,2026-01-14,MT,Promotional,50
107,740000007,755123456,2026-04-13,MT,Transactional,50
108,740000061,740000096,2026-03-01,MT,Transactional,50
109,740000061,772123456,2026-05-16,MT,Promotional,50
110,710000037,755123456,2026-06-23,MT,Promotional,50
111,710000013,740000069,2026-04-01,MT,Transactional,50
112,710000043,755123456,2026-01-26,MT,Transactional,50
113,740000060,710000099,2026-03-03,MO,Transactional,50
114,740000087,772123456,2026-03-22,MO,Promotional,50
115,740000009,755123456,2026-01-26,MO,Transactional,50
116,710000045,740000029,2026-03-14,MT,Promotional,50
117,710000005,710000004,2026-01-24,MO,Promotional,50
118,740000077,772123456,2026-01-31,MO,Promotional,50
119,710000049,740000085,2026-05-25,MO,Promotional,50
120,710000090,755123456,2026-03-17,MT,Promotional,50
121,740000082,755123456,2026-04-20,MT,Transactional,50
122,740000021,772123456,2026-03-12,MO,Transactional,50
123,740000050,772123456,2026-03-08,MT,Promotional,50
124,710000057,755123456,2026-02-21,MT,Promotional,50
125,710000083,772123456,2026-02-06,MT,Promotional,50
126,710000079,772123456,2026-04-24,MT,Promotional,50
127,710000005,772123456,2026-05-27,MT,Transactional,50
128,710000003,772123456,2026-06-17,MO,Promotional,50
129,710000086,755123456,2026-02-08,MT,Transactional,50
130,740000074,710000001,2026-05-06,MT,Transactional,50
131,740000052,772123456,2026-05-19,MO,Promotional,50
132,740000050,755123456,2026-02-01,MT,Transactional,50
133,710000088,755123456,2026-01-15,MO,Transactional,50
134,740000069,772123456,2026-04-28,MT,Promotional,50
135,740000023,772123456,2026-04-09,MO,Transactional,50
136,710000090,772123456,2026-06-11,MT,Transactional,50
137,710000011,755123456,2026-02-18,MO,Promotional,50
138,740000025,710000004,2026-06-01,MO,Transactional,50
139,740000050,740000009,2026-06-14,MT,Transactional,50
140,740000069,772123456,2026-01-10,MT,Promotional,50
141,710000044,772123456,2026-04-14,MO,Promotional,50
142,710000084,710000086,2026-04-28,MO,Promotional,50
143,740000010,710000005,2026-02-06,MT,Promotional,50
144,740000061,772123456,2026-03-04,MO,Promotional,50
145,740000023,772123456,2026-03-20,MO,Transactional,50
146,710000079,740000022,2026-01-17,MO,Promotional,50
147,710000064,740000077,2026-02-26,MO,Promotional,50
148,710000055,710000044,2026-06-23,MT,Transactional,50
149,740000016,710000088,2026-05-20,MO,Transactional,50
150,710000028,772123456,2026-06-01,MO,Transactional,50
151,740000009,755123456,2026-02-06,MT,Promotional,50
152,710000090,740000048,2026-02-12,MT,Promotional,50
153,740000075,772123456,2026-01-26,MT,Promotional,50
154,710000003,772123456,2026-01-02,MO,Promotional,50
155,740000012,740000091,2026-06-01,MT,Transactional,50
156,740000089,755123456,2026-06-27,MO,Promotional,50
157,740000019,755123456,2026-05-14,MT,Transactional,50
158,740000031,740000023,2026-06-27,MO,Promotional,50
159,740000092,710000064,2026-01-23,MT,Transactional,50
160,740000054,710000001,2026-03-02,MO,Promotional,50
161,710000068,710000013,2026-04-03,MO,Transactional,50
162,710000099,740000081,2026-02-23,MT,Promotional,50
163,740000025,772123456,2026-06-25,MT,Transactional,50
164,740000023,740000021,2026-01-12,MO,Transactional,50
165,710000037,755123456,2026-03-06,MT,Transactional,50
166,740000006,710000014,2026-01-14,MO,Promotional,50
167,710000004,710000063,2026-01-30,MO,Promotional,50
168,710000093,710000057,2026-05-29,MT,Transactional,50
169,740000026,740000096,2026-03-25,MO,Promotional,50
170,740000042,772123456,2026-03-02,MT,Promotional,50
171,710000049,772123456,2026-05-01,MT,Promotional,50
172,710000056,772123456,2026-06-06,MT,Promotional,50
173,740000050,772123456,2026-04-28,MO,Transactional,50
174,740000035,755123456,2026-02-02,MO,Promotional,50
175,740000036,772123456,2026-04-30,MT,Transactional,50
176,740000022,755123456,2026-02-26,MT,Promotional,50
177,740000082,772123456,2026-05-28,MO,Promotional,50
178,710000053,755123456,2026-02-25,MT,Transactional,50
179,740000036,710000002,2026-04-20,MO,Promotional,50
180,740000042,710000056,2026-02-26,MO,Promotional,50
181,740000054,772123456,2026-05-01,MO,Transactional,50
182,710000068,755123456,2026-06-28,MO,Transactional,50
183,710000064,772123456,2026-05-23,MO,Transactional,50
184,710000028,755123456,2026-03-17,MO,Promotional,50
185,710000003,710000062,2026-03-20,MO,Transactional,50
186,740000074,740000096,2026-01-07,MT,Transactional,50
187,710000099,710000018,2026-04-14,MO,Transactional,50
188,740000081,740000060,2026-06-12,MO,Promotional,50
189,740000050,755123456,2026-05-16,MO,Transactional,50
190,710000055,755123456,2026-06-28,MO,Promotional,50
191,710000080,710000043,2026-01-15,MT,Promotional,50
192,740000015,755123456,2026-04-30,MO,Transactional,50
193,740000047,740000023,2026-05-24,MO,Promotional,50
194,710000018,772123456,2026-05-19,MO,Transactional,50
195,740000095,710000097,2026-06-29,MO,Promotional,50
196,740000042,755123456,2026-05-09,MT,Transactional,50
197,740000007,755123456,2026-03-30,MT,Transactional,50
198,710000065,772123456,2026-05-01,MT,Transactional,50
199,710000080,740000048,2026-06-27,MO,Promotional,50
200,710000059,772123456,2026-04-11,MO,Transactional,50
201,740000010,772123456,2026-03-12,MO,Promotional,50
202,710000064,772123456,2026-05-14,MO,Transactional,50
203,740000054,710000088,2026-02-03,MT,Transactional,50
204,740000054,710000057,2026-06-15,MO,Transactional,50
205,740000025,772123456,2026-03-01,MT,Transactional,50
206,740000075,710000044,2026-06-15,MT,Transactional,50
207,710000076,710000086,2026-05-16,MT,Transactional,50
208,740000039,772123456,2026-03-20,MO,Transactional,50
209,710000030,755123456,2026-03-15,MO,Promotional,50
210,740000046,755123456,2026-02-12,MO,Transactional,50
211,710000024,740000023,2026-06-27,MO,Promotional,50
212,740000031,772123456,2026-03-23,MO,Transactional,50
213,740000034,772123456,2026-02-22,MO,Transactional,50
214,710000045,755123456,2026-04-25,MO,Transactional,50
215,740000016,755123456,2026-05-08,MO,Transactional,50
216,740000041,772123456,2026-05-20,MT,Transactional,50
217,740000061,710000038,2026-06-20,MO,Transactional,50
218,710000044,772123456,2026-05-03,MO,Promotional,50
219,740000087,772123456,2026-03-20,MO,Transactional,50
220,710000080,755123456,2026-04-02,MO,Transactional,50
221,710000008,740000078,2026-02-19,MO,Transactional,50
222,740000026,772123456,2026-05-18,MT,Promotional,50
223,710000066,772123456,2026-05-06,MT,Promotional,50
224,710000086,755123456,2026-02-07,MT,Transactional,50
225,740000050,772123456,2026-03-14,MT,Transactional,50
226,740000040,740000058,2026-01-23,MO,Transactional,50
227,740000095,755123456,2026-03-15,MO,Transactional,50
228,740000094,772123456,2026-05-31,MO,Promotional,50
229,710000027,755123456,2026-05-15,MT,Promotional,50
230,710000076,755123456,2026-01-23,MO,Transactional,50
231,740000082,755123456,2026-02-14,MT,Promotional,50
232,740000026,755123456,2026-03-16,MT,Promotional,50
233,740000039,755123456,2026-05-07,MT,Promotional,50
234,710000004,772123456,2026-03-09,MT,Transactional,50
235,740000016,710000084,2026-03-15,MT,Promotional,50
236,710000063,740000089,2026-03-04,MO,Promotional,50
237,740000098,755123456,2026-01-18,MT,Transactional,50
238,710000073,755123456,2026-06-10,MT,Promotional,50
239,740000048,710000066,2026-05-28,MO,Transactional,50
240,740000021,772123456,2026-02-07,MT,Transactional,50
241,740000089,755123456,2026-02-11,MO,Transactional,50
242,740000047,740000054,2026-04-02,MO,Transactional,50
243,710000038,710000068,2026-01-20,MO,Promotional,50
244,740000098,710000013,2026-02-12,MT,Transactional,50
245,710000088,755123456,2026-06-25,MT,Promotional,50
246,740000069,755123456,2026-02-06,MO,Promotional,50
247,710000067,755123456,2026-05-05,MT,Transactional,50
248,740000021,772123456,2026-02-09,MO,Promotional,50
249,740000072,710000079,2026-05-15,MO,Transactional,50
250,710000059,772123456,2026-02-03,MO,Transactional,50
251,710000045,740000040,2026-04-03,MO,Transactional,50
252,740000077,755123456,2026-02-14,MT,Promotional,50
253,740000096,772123456,2026-02-02,MO,Promotional,50
254,740000040,772123456,2026-02-03,MO,Transactional,50
255,740000089,772123456,2026-01-20,MO,Transactional,50
256,710000097,772123456,2026-02-20,MO,Promotional,50
257,740000085,710000066,2026-01-16,MT,Promotional,50
258,710000033,772123456,2026-03-19,MO,Promotional,50
259,740000016,772123456,2026-05-31,MO,Promotional,50
260,710000086,772123456,2026-01-24,MO,Transactional,50
261,740000075,755123456,2026-02-11,MO,Promotional,50
262,710000013,772123456,2026-05-16,MO,Promotional,50
263,710000037,740000022,2026-01-02,MO,Promotional,50
264,710000065,755123456,2026-04-04,MO,Transactional,50
265,740000087,772123456,2026-04-01,MT,Transactional,50
266,710000028,772123456,2026-04-15,MO,Transactional,50
267,740000016,772123456,2026-05-14,MO,Transactional,50
268,740000098,740000047,2026-03-15,MO,Promotional,50
269,740000042,772123456,2026-04-09,MT,Transactional,50
270,740000077,755123456,2026-06-25,MT,Promotional,50
271,710000071,755123456,2026-04-20,MO,Promotional,50
272,740000061,755123456,2026-02-15,MO,Transactional,50
273,740000087,755123456,2026-04-23,MO,Promotional,50
274,740000019,755123456,2026-06-27,MO,Promotional,50
275,740000009,772123456,2026-03-28,MO,Transactional,50
276,740000016,755123456,2026-05-08,MT,Transactional,50
277,710000097,755123456,2026-04-02,MT,Transactional,50
278,710000063,755123456,2026-02-07,MT,Promotional,50
279,740000016,755123456,2026-05-08,MO,Promotional,50
280,710000004,710000013,2026-01-14,MO,Transactional,50
281,740000087,772123456,2026-04-08,MT,Promotional,50
282,740000039,710000080,2026-01-25,MO,Transactional,50
283,740000060,755123456,2026-06-19,MT,Transactional,50
284,710000065,740000034,2026-03-29,MO,Promotional,50
285,710000056,755123456,2026-04-26,MT,Transactional,50
286,710000057,772123456,2026-01-09,MO,Transactional,50
287,740000091,755123456,2026-04-21,MO,Transactional,50
288,740000092,755123456,2026-01-29,MT,Transactional,50
289,740000061,772123456,2026-05-10,MO,Transactional,50
290,740000034,710000064,2026-04-07,MT,Transactional,50
291,740000042,772123456,2026-06-01,MO,Promotional,50
292,740000047,710000045,2026-05-30,MO,Transactional,50
293,710000049,755123456,2026-03-30,MT,Transactional,50
294,710000045,710000008,2026-03-04,MO,Promotional,50
295,710000083,740000040,2026-01-22,MO,Transactional,50
296,740000015,772123456,2026-01-06,MT,Promotional,50
297,710000059,755123456,2026-05-26,MT,Transactional,50
298,710000003,755123456,2026-05-31,MO,Transactional,50
299,710000049,755123456,2026-03-24,MO,Transactional,50
300,710000013,740000089,2026-02-22,MT,Transactional,50
301,710000065,740000098,2026-03-28,MO,Transactional,50
302,740000047,772123456,2026-05-08,MO,Promotional,50
303,710000037,772123456,2026-03-18,MT,Promotional,50
304,710000080,772123456,2026-05-29,MO,Transactional,50
305,740000035,740000009,2026-05-16,MT,Transactional,50
306,710000027,772123456,2026-06-16,MT,Transactional,50
307,710000056,740000085,2026-03-22,MO,Transactional,50
308,740000052,710000033,2026-05-12,MT,Promotional,50
309,710000003,740000081,2026-05-13,MO,Transactional,50
310,710000028,740000085,2026-04-30,MT,Transactional,50
311,710000073,740000094,2026-01-16,MO,Transactional,50
312,740000060,772123456,2026-02-08,MT,Transactional,50
313,710000053,772123456,2026-06-12,MO,Transactional,50
314,740000035,710000037,2026-02-11,MT,Promotional,50
315,740000052,772123456,2026-02-08,MO,Promotional,50
316,710000032,755123456,2026-05-05,MT,Transactional,50
317,710000083,772123456,2026-02-10,MT,Promotional,50
318,710000004,755123456,2026-06-18,MO,Promotional,50
319,710000093,772123456,2026-01-15,MO,Transactional,50
320,740000078,772123456,2026-04-15,MT,Promotional,50
321,740000051,772123456,2026-03-02,MO,Promotional,50
322,710000067,710000086,2026-05-15,MT,Transactional,50
323,740000012,740000031,2026-02-01,MT,Transactional,50
324,740000075,755123456,2026-03-02,MT,Promotional,50
325,740000019,772123456,2026-02-24,MT,Transactional,50
326,710000053,710000033,2026-01-15,MT,Transactional,50
327,710000090,755123456,2026-05-20,MT,Transactional,50
328,710000088,755123456,2026-02-07,MT,Transactional,50
329,740000092,755123456,2026-01-06,MO,Promotional,50
330,740000089,772123456,2026-03-06,MT,Transactional,50
331,740000082,755123456,2026-06-25,MO,Promotional,50
332,710000057,772123456,2026-04-11,MT,Transactional,50
333,740000012,772123456,2026-03-18,MO,Promotional,50
334,710000057,755123456,2026-06-14,MT,Promotional,50
335,740000036,755123456,2026-05-01,MT,Transactional,50
336,740000092,772123456,2026-02-11,MT,Promotional,50
337,740000046,740000054,2026-05-21,MT,Transactional,50
338,740000089,772123456,2026-06-14,MO,Transactional,50
339,710000083,772123456,2026-04-13,MO,Transactional,50
340,740000041,772123456,2026-01-29,MO,Promotional,50
341,710000067,740000092,2026-02-03,MT,Transactional,50
342,740000058,710000062,2026-02-04,MT,Promotional,50
343,710000088,755123456,2026-03-14,MO,Promotional,50
344,740000054,772123456,2026-04-11,MT,Promotional,50
345,710000003,710000003,2026-06-15,MO,Promotional,50
346,740000060,755123456,2026-06-29,MO,Promotional,50
347,740000052,755123456,2026-06-03,MT,Promotional,50
348,740000012,772123456,2026-05-26,MO,Promotional,50
349,740000092,755123456,2026-04-27,MT,Promotional,50
350,740000029,772123456,2026-02-18,MT,Transactional,50
351,740000096,755123456,2026-02-03,MT,Promotional,50
352,740000077,755123456,2026-06-23,MO,Transactional,50
353,710000024,772123456,2026-01-08,MT,Transactional,50
354,740000031,755123456,2026-03-05,MT,Transactional,50
355,710000011,755123456,2026-02-04,MT,Transactional,50
356,710000088,710000028,2026-04-09,MT,Transactional,50
357,740000010,710000013,2026-01-16,MO,Transactional,50
358,740000031,755123456,2026-06-05,MO,Promotional,50
359,710000033,710000065,2026-04-08,MT,Transactional,50
360,710000086,772123456,2026-05-24,MO,Promotional,50
361,740000034,740000022,2026-05-07,MT,Transactional,50
362,740000017,755123456,2026-05-16,MT,Promotional,50
363,740000034,755123456,2026-01-12,MO,Transactional,50
364,740000036,755123456,2026-04-21,MT,Transactional,50
365,710000079,755123456,2026-05-13,MT,Transactional,50
366,740000022,740000041,2026-05-06,MO,Transactional,50
367,740000007,772123456,2026-01-14,MO,Promotional,50
368,710000005,755123456,2026-02-11,MT,Transactional,50
369,740000015,772123456,2026-04-24,MT,Transactional,50
370,710000059,772123456,2026-02-07,MO,Transactional,50
371,740000012,755123456,2026-02-16,MO,Transactional,50
372,710000073,740000085,2026-02-24,MO,Promotional,50
373,740000054,772123456,2026-05-08,MO,Transactional,50
374,710000004,710000037,2026-06-24,MO,Transactional,50
375,740000048,772123456,2026-03-24,MO,Promotional,50
376,710000011,710000059,2026-06-18,MT,Transactional,50
377,740000081,740000035,2026-06-18,MO,Transactional,50
378,740000006,710000084,2026-04-26,MT,Promotional,50
379,710000028,740000007,2026-03-14,MT,Promotional,50
380,740000096,740000010,2026-06-04,MT,Promotional,50
381,740000052,772123456,2026-03-03,MT,Promotional,50
382,710000003,772123456,2026-04-10,MT,Transactional,50
383,710000083,710000097,2026-02-09,MO,Transactional,50
384,710000063,710000056,2026-03-21,MO,Transactional,50
385,710000086,755123456,2026-05-12,MO,Transactional,50
386,740000058,755123456,2026-03-10,MT,Promotional,50
387,710000097,755123456,2026-06-07,MO,Transactional,50
388,740000081,772123456,2026-01-11,MT,Transactional,50
389,740000087,740000029,2026-06-25,MO,Transactional,50
390,710000068,740000081,2026-05-15,MO,Transactional,50
391,740000060,772123456,2026-05-03,MT,Promotional,50
392,740000017,755123456,2026-03-05,MT,Transactional,50
393,710000073,740000007,2026-01-20,MO,Promotional,50
394,710000066,755123456,2026-01-25,MT,Transactional,50
395,740000046,710000033,2026-01-21,MO,Promotional,50
396,740000095,755123456,2026-02-15,MO,Transactional,50
397,740000006,755123456,2026-06-30,MT,Transactional,50
398,710000076,755123456,2026-06-21,MT,Transactional,50
399,710000044,772123456,2026-02-17,MO,Transactional,50
400,740000087,755123456,2026-05-17,MO,Promotional,50
401,740000051,772123456,2026-02-13,MT,Transactional,50
402,740000089,740000052,2026-06-04,MT,Transactional,50
403,710000080,755123456,2026-06-26,MT,Transactional,50
404,740000012,772123456,2026-01-04,MO,Promotional,50
405,710000003,772123456,2026-01-07,MO,Transactional,50
406,710000084,740000019,2026-03-03,MT,Promotional,50
407,740000012,755123456,2026-02-07,MT,Transactional,50
408,710000003,772123456,2026-02-09,MT,Transactional,50
409,740000061,755123456,2026-05-30,MO,Promotional,50
410,710000038,755123456,2026-01-14,MT,Promotional,50
411,710000014,740000081,2026-04-21,MT,Transactional,50
412,740000095,740000075,2026-05-22,MT,Promotional,50
413,710000063,755123456,2026-05-12,MT,Promotional,50
414,740000092,710000008,2026-01-05,MT,Transactional,50
415,710000071,755123456,2026-06-15,MT,Transactional,50
416,740000015,710000064,2026-06-15,MT,Transactional,50
417,710000090,772123456,2026-02-11,MT,Promotional,50
418,740000061,755123456,2026-03-01,MO,Transactional,50
419,740000078,740000092,2026-04-30,MO,Transactional,50
420,710000093,755123456,2026-04-17,MT,Transactional,50
421,740000021,772123456,2026-03-14,MO,Transactional,50
422,740000017,772123456,2026-02-10,MT,Promotional,50
423,740000054,755123456,2026-03-02,MO,Promotional,50
424,710000003,755123456,2026-04-02,MO,Promotional,50
425,710000065,772123456,2026-03-28,MT,Promotional,50
426,710000080,772123456,2026-05-24,MO,Transactional,50
427,740000034,755123456,2026-01-12,MT,Promotional,50
428,740000089,710000066,2026-06-21,MO,Promotional,50
429,710000057,772123456,2026-01-28,MO,Promotional,50
430,710000065,772123456,2026-06-11,MO,Promotional,50
431,740000047,740000021,2026-03-16,MT,Transactional,50
432,740000094,772123456,2026-06-15,MT,Transactional,50
433,710000018,772123456,2026-04-23,MT,Promotional,50
434,710000032,755123456,2026-03-15,MO,Promotional,50
435,740000035,740000048,2026-04-17,MT,Promotional,50
436,710000020,710000097,2026-04-18,MO,Promotional,50
437,710000055,755123456,2026-04-28,MT,Promotional,50
438,710000057,772123456,2026-05-13,MO,Promotional,50
439,710000044,755123456,2026-02-12,MT,Promotional,50
440,740000051,772123456,2026-06-19,MO,Promotional,50
441,740000081,740000092,2026-05-14,MT,Transactional,50
442,740000052,710000088,2026-05-22,MT,Transactional,50
443,710000045,755123456,2026-05-16,MO,Transactional,50
444,740000058,772123456,2026-05-20,MT,Transactional,50
445,710000084,772123456,2026-03-19,MO,Promotional,50
446,740000069,755123456,2026-02-02,MT,Promotional,50
447,740000012,710000066,2026-03-21,MT,Promotional,50
448,710000003,710000004,2026-06-01,MT,Promotional,50
449,710000100,740000039,2026-04-19,MO,Promotional,50
450,740000048,740000034,2026-05-10,MT,Promotional,50
451,740000007,710000097,2026-02-01,MT,Transactional,50
452,740000074,772123456,2026-04-27,MT,Promotional,50
453,740000096,740000075,2026-06-10,MO,Transactional,50
454,740000039,710000037,2026-05-27,MO,Transactional,50
455,710000067,772123456,2026-01-27,MT,Promotional,50
456,710000100,755123456,2026-01-26,MO,Transactional,50
457,710000053,772123456,2026-01-16,MT,Promotional,50
458,740000061,755123456,2026-01-20,MT,Transactional,50
459,710000076,740000072,2026-04-12,MT,Transactional,50
460,740000082,755123456,2026-06-26,MT,Transactional,50
461,740000021,740000019,2026-02-02,MT,Transactional,50
462,740000017,740000091,2026-05-16,MO,Promotional,50
463,710000059,772123456,2026-02-10,MT,Promotional,50
464,740000078,772123456,2026-01-31,MT,Transactional,50
465,740000006,772123456,2026-01-31,MT,Transactional,50
466,740000048,755123456,2026-05-05,MO,Promotional,50
467,740000019,755123456,2026-01-13,MT,Transactional,50
468,710000028,710000024,2026-05-06,MO,Promotional,50
469,710000071,772123456,2026-01-12,MT,Transactional,50
470,740000074,740000040,2026-04-26,MT,Transactional,50
471,740000061,710000093,2026-02-03,MO,Transactional,50
472,740000098,740000058,2026-04-25,MO,Transactional,50
473,740000012,710000080,2026-06-09,MT,Transactional,50
474,710000030,755123456,2026-05-19,MO,Transactional,50
475,740000095,740000036,2026-01-23,MO,Promotional,50
476,740000074,740000081,2026-03-21,MO,Promotional,50
477,740000025,710000080,2026-05-28,MO,Promotional,50
478,710000097,740000061,2026-01-05,MO,Promotional,50
479,710000003,772123456,2026-03-04,MT,Promotional,50
480,740000069,755123456,2026-04-13,MO,Transactional,50
481,710000003,755123456,2026-02-16,MT,Promotional,50
482,710000068,755123456,2026-03-07,MO,Promotional,50
483,710000013,772123456,2026-03-15,MO,Promotional,50
484,710000033,772123456,2026-02-09,MT,Transactional,50
485,740000087,772123456,2026-06-07,MT,Promotional,50
486,710000004,772123456,2026-03-18,MT,Promotional,50
487,740000041,755123456,2026-03-24,MT,Transactional,50
488,740000016,772123456,2026-03-03,MO,Transactional,50
489,710000066,710000097,2026-04-09,MO,Transactional,50
490,710000008,755123456,2026-05-22,MT,Promotional,50
491,710000062,755123456,2026-06-12,MO,Promotional,50
492,740000035,710000071,2026-06-22,MO,Promotional,50
493,740000098,740000072,2026-02-02,MT,Transactional,50
494,740000058,710000011,2026-05-09,MO,Promotional,50
495,740000048,772123456,2026-03-04,MT,Transactional,50
496,740000006,755123456,2026-06-08,MT,Promotional,50
497,710000001,755123456,2026-03-11,MT,Transactional,50
498,710000045,772123456,2026-05-30,MT,Promotional,50
499,740000021,740000095,2026-05-25,MO,Transactional,50
500,740000012,740000051,2026-02-01,MO,Transactional,50
501,710000056,710000027,2026-05-10,MT,Transactional,50
502,740000082,740000034,2026-04-26,MT,Promotional,50
503,740000085,755123456,2026-02-23,MT,Transactional,50
504,710000003,772123456,2026-06-15,MO,Transactional,50
505,710000001,710000002,2026-02-14,MT,Transactional,50
506,740000098,740000051,2026-01-21,MO,Promotional,50
507,710000086,710000057,2026-02-01,MT,Transactional,50
508,740000077,755123456,2026-02-15,MO,Promotional,50
509,740000060,772123456,2026-04-24,MO,Promotional,50
510,740000096,755123456,2026-06-24,MT,Promotional,50
511,740000012,710000079,2026-03-19,MO,Promotional,50
512,710000064,772123456,2026-03-13,MT,Promotional,50
513,710000001,740000026,2026-04-12,MO,Transactional,50
514,710000073,755123456,2026-02-13,MO,Promotional,50
515,740000009,772123456,2026-01-17,MO,Transactional,50
516,710000073,710000030,2026-03-12,MO,Promotional,50
517,740000089,740000087,2026-06-07,MT,Transactional,50
518,710000001,710000055,2026-06-22,MO,Transactional,50
519,710000056,755123456,2026-02-01,MT,Transactional,50
520,740000047,772123456,2026-02-27,MO,Transactional,50
521,740000054,755123456,2026-03-22,MO,Transactional,50
522,740000025,772123456,2026-05-27,MO,Promotional,50
523,740000089,772123456,2026-03-05,MO,Promotional,50
524,710000043,772123456,2026-06-10,MO,Promotional,50
525,710000062,772123456,2026-06-01,MT,Transactional,50
526,710000032,755123456,2026-03-03,MT,Promotional,50
527,710000043,772123456,2026-01-19,MT,Promotional,50
528,740000081,740000058,2026-02-01,MO,Promotional,50
529,710000005,755123456,2026-06-27,MO,Promotional,50
530,710000008,772123456,2026-03-19,MT,Promotional,50
531,710000014,772123456,2026-05-24,MO,Transactional,50
532,710000049,772123456,2026-06-08,MT,Promotional,50
533,740000077,740000085,2026-01-03,MT,Transactional,50
534,740000060,710000055,2026-06-08,MO,Transactional,50
535,710000084,772123456,2026-04-27,MT,Promotional,50
536,710000014,772123456,2026-06-02,MO,Promotional,50
537,740000074,740000017,2026-05-11,MT,Transactional,50
538,740000054,710000062,2026-06-08,MT,Promotional,50
539,710000032,772123456,2026-01-16,MO,Transactional,50
540,740000075,710000056,2026-06-16,MT,Transactional,50
541,740000075,772123456,2026-02-07,MT,Transactional,50
542,740000078,755123456,2026-04-05,MO,Promotional,50
543,710000008,740000031,2026-05-24,MO,Transactional,50
544,710000045,772123456,2026-06-13,MO,Promotional,50
545,710000044,740000025,2026-05-02,MT,Transactional,50
546,740000075,755123456,2026-06-07,MT,Transactional,50
547,710000043,772123456,2026-04-27,MO,Transactional,50
548,740000029,710000001,2026-02-27,MO,Transactional,50
549,710000080,772123456,2026-05-04,MT,Transactional,50
550,710000027,772123456,2026-01-02,MT,Promotional,50
551,740000010,772123456,2026-05-23,MO,Promotional,50
552,710000038,772123456,2026-06-11,MT,Promotional,50
553,710000004,772123456,2026-03-14,MO,Promotional,50
554,740000034,772123456,2026-03-28,MO,Promotional,50
555,740000026,772123456,2026-03-09,MO,Promotional,50
556,740000087,755123456,2026-06-17,MO,Transactional,50
557,710000027,755123456,2026-03-03,MT,Transactional,50
558,740000085,740000022,2026-06-09,MT,Promotional,50
559,740000016,772123456,2026-02-18,MO,Transactional,50
560,740000089,755123456,2026-06-03,MT,Promotional,50
561,740000006,740000098,2026-05-31,MO,Transactional,50
562,710000020,772123456,2026-01-14,MT,Promotional,50
563,710000066,755123456,2026-02-23,MO,Transactional,50
564,740000085,772123456,2026-02-12,MT,Transactional,50
565,710000064,755123456,2026-02-15,MT,Transactional,50
566,710000068,755123456,2026-05-07,MT,Transactional,50
567,740000075,740000052,2026-05-30,MO,Promotional,50
568,740000029,755123456,2026-03-02,MT,Promotional,50
569,740000040,755123456,2026-05-27,MO,Transactional,50
570,710000033,772123456,2026-02-04,MO,Transactional,50
571,710000057,755123456,2026-02-28,MO,Transactional,50
572,710000066,755123456,2026-04-20,MT,Transactional,50
573,710000056,755123456,2026-05-08,MT,Transactional,50
574,710000049,772123456,2026-04-24,MO,Transactional,50
575,710000083,755123456,2026-01-22,MT,Promotional,50
576,740000036,772123456,2026-01-31,MO,Transactional,50
577,710000005,772123456,2026-03-27,MO,Transactional,50
578,710000033,740000039,2026-06-24,MT,Promotional,50
579,740000091,772123456,2026-05-20,MT,Promotional,50
580,710000099,755123456,2026-03-30,MT,Transactional,50
581,740000075,710000097,2026-01-04,MT,Promotional,50
582,740000051,772123456,2026-02-23,MT,Promotional,50
583,710000067,710000076,2026-04-30,MT,Transactional,50
584,710000011,772123456,2026-04-20,MT,Promotional,50
585,710000057,740000058,2026-01-08,MT,Promotional,50
586,740000074,755123456,2026-01-03,MT,Transactional,50
587,710000044,755123456,2026-04-19,MT,Transactional,50
588,740000042,772123456,2026-05-26,MO,Promotional,50
589,710000020,710000043,2026-06-11,MT,Transactional,50
590,710000027,772123456,2026-05-17,MT,Promotional,50
591,740000061,755123456,2026-05-26,MT,Transactional,50
592,740000012,772123456,2026-06-22,MO,Promotional,50
593,740000089,755123456,2026-01-07,MO,Promotional,50
594,740000009,755123456,2026-02-22,MO,Transactional,50
595,740000085,772123456,2026-04-27,MO,Transactional,50
596,710000067,772123456,2026-03-25,MT,Transactional,50
597,740000021,772123456,2026-05-18,MT,Transactional,50
598,740000096,755123456,2026-02-22,MO,Promotional,50
599,740000040,710000056,2026-06-20,MT,Promotional,50
600,740000078,755123456,2026-05-31,MO,Transactional,50
601,740000036,772123456,2026-02-06,MT,Promotional,50
602,740000052,772123456,2026-05-15,MT,Transactional,50
603,710000059,740000060,2026-01-11,MO,Transactional,50
604,710000083,755123456,2026-06-29,MT,Transactional,50
605,710000079,755123456,2026-03-05,MO,Transactional,50
606,710000059,740000050,2026-02-16,MO,Transactional,50
607,710000090,772123456,2026-02-10,MT,Transactional,50
608,710000086,740000009,2026-02-25,MT,Transactional,50
609,740000098,772123456,2026-04-05,MO,Promotional,50
610,710000065,755123456,2026-04-15,MT,Promotional,50
611,710000033,710000027,2026-01-12,MT,Promotional,50
612,740000010,740000082,2026-06-22,MT,Transactional,50
613,710000044,755123456,2026-02-19,MT,Promotional,50
614,710000002,772123456,2026-02-04,MT,Transactional,50
615,710000063,772123456,2026-01-22,MO,Transactional,50
616,710000018,755123456,2026-02-11,MO,Promotional,50
617,740000078,772123456,2026-03-17,MO,Transactional,50
618,740000022,740000010,2026-01-03,MT,Promotional,50
619,710000057,772123456,2026-02-25,MO,Promotional,50
620,710000057,772123456,2026-06-12,MO,Transactional,50
621,740000089,755123456,2026-01-14,MO,Promotional,50
622,710000099,772123456,2026-03-05,MT,Promotional,50
623,740000026,772123456,2026-04-18,MO,Promotional,50
624,710000044,740000025,2026-06-21,MO,Promotional,50
625,710000013,772123456,2026-02-12,MO,Transactional,50
626,710000066,755123456,2026-03-24,MO,Promotional,50
627,740000070,755123456,2026-01-31,MO,Promotional,50
628,710000014,755123456,2026-02-14,MO,Transactional,50
629,710000084,772123456,2026-04-10,MO,Transactional,50
630,740000029,740000009,2026-03-13,MT,Promotional,50
631,740000009,755123456,2026-03-19,MT,Promotional,50
632,740000092,740000069,2026-02-13,MT,Promotional,50
633,740000077,740000042,2026-06-28,MT,Promotional,50
634,710000043,740000023,2026-06-26,MT,Transactional,50
635,740000009,772123456,2026-06-05,MT,Transactional,50
636,710000066,740000082,2026-03-01,MO,Promotional,50
637,710000003,772123456,2026-03-21,MO,Transactional,50
638,710000097,710000032,2026-01-21,MO,Promotional,50
639,740000048,755123456,2026-02-21,MO,Transactional,50
640,710000027,772123456,2026-03-02,MT,Transactional,50
641,710000018,755123456,2026-06-14,MO,Transactional,50
642,710000083,772123456,2026-02-28,MT,Transactional,50
643,710000032,710000027,2026-01-14,MO,Promotional,50
644,740000078,710000049,2026-03-24,MO,Transactional,50
645,740000081,772123456,2026-05-06,MO,Promotional,50
646,740000007,772123456,2026-02-22,MO,Promotional,50
647,740000023,710000076,2026-02-22,MO,Promotional,50
648,710000055,755123456,2026-03-21,MO,Promotional,50
649,710000032,772123456,2026-06-05,MO,Transactional,50
650,710000037,755123456,2026-06-12,MO,Transactional,50
651,710000062,755123456,2026-04-12,MT,Promotional,50
652,740000061,755123456,2026-05-10,MT,Promotional,50
653,710000062,755123456,2026-04-20,MO,Transactional,50
654,740000077,772123456,2026-05-22,MO,Transactional,50
655,710000049,755123456,2026-04-27,MT,Transactional,50
656,740000072,755123456,2026-01-19,MT,Promotional,50
657,740000092,772123456,2026-02-09,MO,Promotional,50
658,710000002,710000065,2026-04-06,MT,Transactional,50
659,740000054,740000051,2026-04-06,MT,Transactional,50
660,740000040,710000083,2026-01-19,MT,Promotional,50
661,740000016,740000050,2026-02-11,MO,Transactional,50
662,710000033,710000099,2026-03-31,MT,Transactional,50
663,710000090,710000008,2026-04-09,MT,Promotional,50
664,710000032,772123456,2026-04-03,MO,Promotional,50
665,740000034,755123456,2026-06-24,MO,Transactional,50
666,710000032,740000078,2026-06-19,MO,Promotional,50
667,740000015,772123456,2026-06-14,MT,Transactional,50
668,740000091,772123456,2026-05-13,MO,Transactional,50
669,740000022,755123456,2026-06-27,MT,Transactional,50
670,710000076,740000040,2026-04-16,MO,Promotional,50
671,740000082,755123456,2026-02-06,MT,Promotional,50
672,740000096,740000051,2026-03-20,MO,Promotional,50
673,710000063,772123456,2026-01-18,MT,Transactional,50
674,710000084,710000037,2026-04-21,MO,Promotional,50
675,740000048,710000024,2026-02-04,MO,Transactional,50
676,710000024,772123456,2026-04-26,MO,Promotional,50
677,740000026,710000008,2026-02-16,MO,Transactional,50
678,710000053,710000057,2026-06-09,MO,Promotional,50
679,710000011,772123456,2026-04-07,MO,Transactional,50
680,740000009,772123456,2026-05-30,MO,Transactional,50
681,710000063,772123456,2026-01-03,MO,Transactional,50
682,710000097,710000001,2026-05-30,MO,Promotional,50
683,710000028,772123456,2026-04-07,MT,Transactional,50
684,740000061,755123456,2026-06-04,MT,Transactional,50
685,740000048,755123456,2026-03-22,MO,Transactional,50
686,710000086,755123456,2026-06-06,MO,Transactional,50
687,710000043,772123456,2026-04-27,MT,Promotional,50
688,710000004,772123456,2026-05-16,MT,Promotional,50
689,740000048,740000058,2026-06-25,MT,Transactional,50
690,740000085,772123456,2026-06-13,MT,Promotional,50
691,740000082,772123456,2026-03-25,MT,Promotional,50
692,740000078,755123456,2026-06-06,MO,Transactional,50
693,710000055,740000061,2026-06-29,MO,Transactional,50
694,710000038,772123456,2026-02-06,MO,Promotional,50
695,710000064,755123456,2026-06-22,MT,Promotional,50
696,740000058,755123456,2026-06-19,MO,Promotional,50
697,710000028,740000022,2026-06-29,MO,Promotional,50
698,710000056,772123456,2026-02-11,MT,Transactional,50
699,710000099,772123456,2026-03-07,MT,Promotional,50
700,710000086,710000018,2026-06-12,MT,Promotional,50
701,740000089,772123456,2026-05-28,MO,Transactional,50
702,710000049,740000092,2026-04-08,MT,Promotional,50
703,740000029,772123456,2026-03-16,MO,Promotional,50
704,740000012,710000044,2026-06-01,MO,Promotional,50
705,740000074,772123456,2026-03-22,MT,Promotional,50
706,740000040,710000008,2026-05-18,MO,Transactional,50
707,710000055,755123456,2026-06-23,MO,Promotional,50
708,710000014,772123456,2026-05-18,MT,Transactional,50
709,740000019,772123456,2026-05-08,MT,Promotional,50
710,740000077,772123456,2026-06-20,MO,Transactional,50
711,740000040,710000065,2026-02-01,MT,Transactional,50
712,740000081,755123456,2026-03-16,MT,Promotional,50
713,710000043,710000020,2026-02-23,MO,Promotional,50
714,710000100,755123456,2026-04-11,MT,Promotional,50
715,710000003,755123456,2026-03-28,MT,Transactional,50
716,710000045,755123456,2026-04-11,MO,Transactional,50
717,710000037,772123456,2026-06-29,MT,Promotional,50
718,740000017,740000042,2026-01-14,MT,Transactional,50
719,710000084,740000021,2026-02-05,MT,Transactional,50
720,710000038,772123456,2026-02-25,MO,Promotional,50
721,740000047,710000093,2026-01-27,MO,Transactional,50
722,710000055,772123456,2026-01-15,MO,Transactional,50
723,740000061,772123456,2026-01-31,MT,Transactional,50
724,710000020,740000081,2026-04-14,MO,Promotional,50
725,740000016,755123456,2026-05-06,MT,Promotional,50
726,710000084,755123456,2026-06-27,MO,Transactional,50
727,710000084,755123456,2026-06-11,MT,Transactional,50
728,710000002,772123456,2026-01-22,MO,Transactional,50
729,710000083,710000086,2026-02-27,MO,Transactional,50
730,740000036,740000089,2026-01-25,MO,Transactional,50
731,710000062,710000083,2026-04-22,MT,Promotional,50
732,710000013,772123456,2026-05-18,MO,Transactional,50
733,710000090,755123456,2026-05-23,MT,Promotional,50
734,710000067,740000075,2026-06-16,MO,Promotional,50
735,740000085,772123456,2026-06-03,MO,Promotional,50
736,740000072,755123456,2026-02-01,MO,Promotional,50
737,740000074,710000027,2026-02-11,MO,Transactional,50
738,710000097,772123456,2026-02-01,MT,Transactional,50
739,740000070,755123456,2026-06-18,MO,Promotional,50
740,740000039,740000006,2026-03-17,MT,Promotional,50
741,740000074,710000063,2026-03-22,MT,Promotional,50
742,740000089,710000013,2026-01-12,MO,Promotional,50
743,740000025,755123456,2026-02-25,MO,Promotional,50
744,710000076,755123456,2026-02-02,MT,Promotional,50
745,710000071,755123456,2026-04-08,MO,Transactional,50
746,710000059,755123456,2026-06-23,MT,Promotional,50
747,740000069,772123456,2026-06-11,MT,Promotional,50
748,740000092,740000048,2026-06-18,MO,Transactional,50
749,710000020,755123456,2026-04-08,MO,Promotional,50
750,740000010,772123456,2026-05-17,MO,Transactional,50
751,740000009,710000043,2026-01-23,MT,Transactional,50
752,710000100,772123456,2026-02-27,MT,Promotional,50
753,710000013,772123456,2026-04-07,MO,Promotional,50
754,740000023,710000068,2026-03-20,MT,Promotional,50
755,710000068,710000045,2026-05-27,MT,Transactional,50
756,740000078,772123456,2026-02-13,MT,Transactional,50
757,710000024,710000045,2026-06-23,MT,Transactional,50
758,710000076,755123456,2026-01-03,MO,Promotional,50
759,740000019,710000049,2026-03-10,MO,Transactional,50
760,740000091,772123456,2026-06-23,MT,Transactional,50
761,710000024,755123456,2026-04-30,MT,Transactional,50
762,710000055,710000067,2026-02-28,MT,Promotional,50
763,740000040,755123456,2026-01-24,MO,Promotional,50
764,740000094,772123456,2026-02-12,MO,Promotional,50
765,740000096,710000037,2026-05-07,MO,Transactional,50
766,740000087,710000066,2026-02-04,MT,Transactional,50
767,710000066,710000088,2026-05-17,MO,Transactional,50
768,710000002,772123456,2026-01-02,MT,Transactional,50
769,710000032,740000095,2026-05-16,MO,Transactional,50
770,740000022,740000087,2026-02-27,MO,Promotional,50
771,740000047,710000018,2026-04-01,MO,Transactional,50
772,710000064,772123456,2026-04-06,MO,Transactional,50
773,740000087,710000032,2026-01-31,MT,Transactional,50
774,710000062,755123456,2026-02-24,MO,Transactional,50
775,710000028,740000040,2026-05-12,MO,Transactional,50
776,710000080,772123456,2026-04-02,MO,Transactional,50
777,710000043,755123456,2026-01-28,MO,Transactional,50
778,710000093,755123456,2026-04-01,MO,Promotional,50
779,710000056,772123456,2026-01-22,MO,Transactional,50
780,740000016,772123456,2026-02-09,MT,Promotional,50
781,740000061,755123456,2026-03-18,MT,Transactional,50
782,710000024,755123456,2026-01-28,MT,Transactional,50
783,740000021,755123456,2026-04-22,MO,Transactional,50
784,740000091,772123456,2026-02-18,MT,Promotional,50
785,710000018,755123456,2026-03-26,MO,Promotional,50
786,710000086,755123456,2026-06-20,MT,Promotional,50
787,740000054,710000063,2026-05-07,MO,Transactional,50
788,710000097,755123456,2026-05-09,MT,Promotional,50
789,740000015,772123456,2026-02-02,MO,Transactional,50
790,710000065,710000002,2026-03-02,MO,Transactional,50
791,710000055,740000077,2026-01-03,MT,Transactional,50
792,710000038,755123456,2026-01-22,MT,Promotional,50
793,710000080,710000020,2026-05-11,MO,Promotional,50
794,740000036,772123456,2026-03-09,MO,Transactional,50
795,740000026,740000061,2026-01-27,MO,Promotional,50
796,710000076,740000081,2026-02-08,MO,Promotional,50
797,740000017,772123456,2026-03-12,MO,Promotional,50
798,710000055,710000003,2026-02-21,MO,Promotional,50
799,710000049,710000053,2026-03-20,MO,Promotional,50
800,710000044,755123456,2026-01-16,MT,Promotional,50
801,740000039,755123456,2026-04-04,MT,Transactional,50
802,740000092,772123456,2026-03-23,MO,Promotional,50
803,740000006,772123456,2026-06-19,MT,Promotional,50
804,710000037,755123456,2026-06-05,MO,Transactional,50
805,710000024,755123456,2026-04-04,MT,Transactional,50
806,740000015,710000013,2026-01-04,MO,Transactional,50
807,740000047,755123456,2026-05-31,MT,Promotional,50
808,710000084,772123456,2026-05-30,MT,Promotional,50
809,710000014,740000017,2026-06-04,MO,Promotional,50
810,710000076,772123456,2026-02-19,MT,Promotional,50
811,740000010,740000070,2026-03-29,MT,Transactional,50
812,740000098,740000026,2026-02-09,MO,Promotional,50
813,740000025,740000054,2026-03-06,MT,Transactional,50
814,740000058,740000081,2026-01-31,MT,Promotional,50
815,710000062,740000054,2026-05-09,MO,Promotional,50
816,740000077,740000036,2026-02-03,MT,Promotional,50
817,710000073,710000008,2026-02-18,MT,Transactional,50
818,710000088,740000069,2026-01-20,MO,Transactional,50
819,710000097,755123456,2026-05-24,MT,Transactional,50
820,740000078,772123456,2026-02-17,MO,Promotional,50
821,740000074,710000028,2026-06-28,MO,Transactional,50
822,710000065,740000091,2026-05-15,MT,Transactional,50
823,740000029,710000038,2026-03-10,MO,Promotional,50
824,740000029,740000006,2026-03-02,MT,Promotional,50
825,740000082,755123456,2026-02-04,MT,Promotional,50
826,710000083,772123456,2026-05-17,MO,Promotional,50
827,710000084,710000045,2026-06-04,MT,Transactional,50
828,710000011,740000091,2026-03-09,MO,Transactional,50
829,710000079,755123456,2026-01-15,MO,Transactional,50
830,740000029,755123456,2026-02-15,MT,Promotional,50
831,740000069,740000085,2026-01-28,MT,Transactional,50
832,740000081,740000082,2026-05-22,MO,Transactional,50
833,740000029,755123456,2026-02-22,MT,Promotional,50
834,740000058,710000030,2026-04-22,MT,Promotional,50
835,710000062,755123456,2026-02-16,MT,Promotional,50
836,740000023,740000025,2026-05-06,MO,Transactional,50
837,710000003,772123456,2026-02-15,MT,Promotional,50
838,740000009,772123456,2026-04-20,MO,Transactional,50
839,710000083,772123456,2026-05-15,MO,Promotional,50
840,740000078,755123456,2026-04-09,MO,Promotional,50
841,710000002,740000098,2026-01-12,MO,Promotional,50
842,710000099,755123456,2026-02-06,MO,Promotional,50
843,710000014,740000070,2026-03-28,MO,Promotional,50
844,710000018,710000062,2026-04-24,MO,Transactional,50
845,710000043,772123456,2026-03-04,MO,Transactional,50
846,740000081,772123456,2026-01-06,MO,Promotional,50
847,740000070,772123456,2026-05-11,MT,Promotional,50
848,710000001,772123456,2026-02-28,MT,Transactional,50
849,740000019,740000046,2026-03-15,MO,Transactional,50
850,710000088,772123456,2026-05-06,MO,Promotional,50
851,740000029,755123456,2026-04-02,MO,Transactional,50
852,740000016,772123456,2026-01-12,MO,Promotional,50
853,710000055,755123456,2026-06-03,MO,Transactional,50
854,710000020,710000086,2026-03-19,MT,Transactional,50
855,710000014,755123456,2026-06-19,MT,Transactional,50
856,740000092,772123456,2026-02-08,MO,Transactional,50
857,740000019,755123456,2026-05-03,MO,Promotional,50
858,740000074,710000055,2026-03-13,MO,Promotional,50
859,740000042,772123456,2026-04-09,MT,Transactional,50
860,710000064,755123456,2026-06-27,MT,Transactional,50
861,710000018,772123456,2026-04-09,MT,Transactional,50
862,740000069,755123456,2026-05-17,MO,Transactional,50
863,710000011,740000075,2026-04-18,MO,Promotional,50
864,740000031,772123456,2026-02-22,MO,Transactional,50
865,740000072,772123456,2026-01-29,MO,Transactional,50
866,740000047,772123456,2026-03-17,MT,Promotional,50
867,710000071,772123456,2026-02-23,MO,Promotional,50
868,740000096,772123456,2026-06-28,MO,Transactional,50
869,740000094,710000004,2026-04-19,MT,Promotional,50
870,710000090,710000014,2026-05-29,MO,Transactional,50
871,740000077,772123456,2026-02-07,MT,Promotional,50
872,710000011,772123456,2026-01-04,MT,Promotional,50
873,740000098,755123456,2026-02-05,MT,Transactional,50
874,710000053,755123456,2026-04-24,MO,Transactional,50
875,740000015,772123456,2026-06-14,MO,Promotional,50
876,710000065,772123456,2026-04-12,MT,Transactional,50
877,710000071,755123456,2026-05-27,MT,Promotional,50
878,710000055,755123456,2026-01-24,MT,Promotional,50
879,740000096,755123456,2026-06-08,MO,Promotional,50
880,740000051,710000024,2026-05-24,MO,Transactional,50
881,710000062,740000041,2026-06-14,MT,Transactional,50
882,740000022,755123456,2026-06-15,MT,Promotional,50
883,740000035,772123456,2026-01-20,MT,Transactional,50
884,710000004,755123456,2026-02-11,MO,Promotional,50
885,710000028,772123456,2026-03-21,MO,Promotional,50
886,740000082,772123456,2026-03-10,MO,Promotional,50
887,710000073,772123456,2026-01-13,MT,Promotional,50
888,740000040,755123456,2026-03-14,MT,Promotional,50
889,740000041,755123456,2026-04-02,MO,Promotional,50
890,710000043,710000053,2026-05-09,MO,Promotional,50
891,710000004,755123456,2026-05-03,MO,Transactional,50
892,740000021,710000020,2026-04-29,MO,Promotional,50
893,740000092,772123456,2026-06-24,MO,Promotional,50
894,710000065,710000067,2026-06-05,MT,Transactional,50
895,740000017,755123456,2026-04-03,MT,Promotional,50
896,740000092,710000100,2026-04-10,MO,Promotional,50
897,710000079,772123456,2026-02-09,MT,Promotional,50
898,710000002,755123456,2026-05-21,MO,Transactional,50
899,710000013,755123456,2026-02-13,MT,Promotional,50
900,740000009,740000036,2026-04-04,MT,Promotional,50
901,740000010,740000023,2026-04-28,MT,Transactional,50
902,710000033,755123456,2026-06-16,MO,Promotional,50
903,710000073,772123456,2026-04-04,MT,Transactional,50
904,710000053,710000080,2026-02-03,MT,Transactional,50
905,710000066,755123456,2026-04-06,MO,Transactional,50
906,710000065,755123456,2026-06-24,MO,Promotional,50
907,740000095,710000032,2026-05-24,MO,Promotional,50
908,710000014,755123456,2026-02-10,MT,Promotional,50
909,740000029,755123456,2026-06-21,MO,Transactional,50
910,740000060,740000060,2026-05-17,MT,Promotional,50
911,710000011,710000024,2026-01-28,MT,Transactional,50
912,740000026,755123456,2026-01-17,MT,Transactional,50
913,740000078,772123456,2026-06-29,MT,Promotional,50
914,740000036,772123456,2026-05-20,MO,Transactional,50
915,740000019,772123456,2026-03-23,MO,Transactional,50
916,710000008,755123456,2026-05-02,MO,Promotional,50
917,710000028,710000003,2026-04-19,MT,Transactional,50
918,740000082,772123456,2026-02-06,MO,Transactional,50
919,740000052,755123456,2026-04-26,MT,Promotional,50
920,710000086,772123456,2026-01-14,MO,Transactional,50
921,710000044,755123456,2026-02-12,MO,Transactional,50
922,740000054,755123456,2026-05-18,MO,Transactional,50
923,740000046,740000089,2026-04-10,MO,Promotional,50
924,740000010,710000093,2026-05-29,MO,Transactional,50
925,710000086,740000094,2026-03-23,MO,Promotional,50
926,710000059,755123456,2026-03-23,MO,Transactional,50
927,740000034,710000067,2026-01-01,MT,Promotional,50
928,740000082,740000058,2026-05-29,MO,Promotional,50
929,710000028,772123456,2026-04-18,MO,Transactional,50
930,710000028,772123456,2026-02-18,MO,Transactional,50
931,740000047,755123456,2026-03-20,MO,Transactional,50
932,710000084,755123456,2026-04-16,MT,Transactional,50
933,740000070,710000055,2026-03-27,MO,Promotional,50
934,710000059,755123456,2026-02-15,MO,Transactional,50
935,710000049,710000037,2026-06-26,MT,Transactional,50
936,710000090,772123456,2026-01-23,MO,Promotional,50
937,710000084,710000003,2026-04-16,MO,Transactional,50
938,740000096,710000097,2026-05-20,MO,Transactional,50
939,710000065,772123456,2026-06-20,MT,Transactional,50
940,710000028,755123456,2026-05-22,MT,Promotional,50
941,740000026,772123456,2026-03-31,MT,Transactional,50
942,710000083,740000091,2026-04-12,MO,Transactional,50
943,740000029,755123456,2026-03-10,MT,Transactional,50
944,740000054,772123456,2026-01-02,MT,Promotional,50
945,710000002,772123456,2026-04-06,MT,Transactional,50
946,740000022,755123456,2026-03-03,MT,Promotional,50
947,710000079,755123456,2026-01-14,MT,Promotional,50
948,740000082,740000050,2026-02-14,MT,Transactional,50
949,710000067,755123456,2026-03-01,MO,Promotional,50
950,710000065,740000016,2026-05-28,MT,Transactional,50
951,710000071,755123456,2026-02-22,MO,Promotional,50
952,710000004,772123456,2026-06-10,MO,Promotional,50
953,710000080,740000091,2026-01-21,MT,Promotional,50
954,740000096,772123456,2026-04-27,MT,Promotional,50
955,740000031,772123456,2026-03-18,MO,Promotional,50
956,710000093,755123456,2026-03-08,MO,Transactional,50
957,710000011,740000019,2026-01-06,MO,Promotional,50
958,710000059,772123456,2026-01-28,MO,Transactional,50
959,740000034,772123456,2026-01-20,MT,Transactional,50
960,710000027,772123456,2026-05-06,MO,Transactional,50
961,740000010,710000063,2026-01-20,MO,Transactional,50
962,710000049,740000041,2026-04-26,MO,Promotional,50
963,740000039,772123456,2026-06-18,MO,Promotional,50
964,710000044,755123456,2026-06-07,MO,Promotional,50
965,710000067,755123456,2026-02-01,MO,Promotional,50
966,740000069,710000003,2026-05-12,MO,Promotional,50
967,740000047,772123456,2026-01-08,MT,Promotional,50
968,740000029,710000011,2026-06-27,MO,Transactional,50
969,740000036,772123456,2026-01-24,MT,Transactional,50
970,740000060,755123456,2026-04-22,MT,Promotional,50
971,710000033,772123456,2026-06-25,MT,Transactional,50
972,710000014,740000075,2026-03-21,MO,Promotional,50
973,710000093,755123456,2026-04-25,MT,Transactional,50
974,740000041,772123456,2026-06-05,MT,Transactional,50
975,740000026,755123456,2026-04-06,MO,Transactional,50
976,740000022,710000005,2026-03-06,MT,Transactional,50
977,740000078,710000083,2026-04-01,MT,Promotional,50
978,740000015,755123456,2026-04-20,MO,Transactional,50
979,710000032,772123456,2026-06-18,MT,Transactional,50
980,740000019,755123456,2026-02-01,MO,Transactional,50
981,740000089,710000002,2026-03-26,MO,Transactional,50
982,710000073,772123456,2026-05-24,MO,Transactional,50
983,710000037,772123456,2026-05-15,MO,Promotional,50
984,740000072,740000036,2026-06-05,MO,Transactional,50
985,710000088,755123456,2026-03-23,MT,Promotional,50
986,740000026,755123456,2026-05-08,MO,Transactional,50
987,740000054,772123456,2026-04-26,MO,Transactional,50
988,710000076,772123456,2026-05-28,MO,Transactional,50
989,710000003,710000083,2026-01-02,MT,Transactional,50
990,740000017,772123456,2026-05-17,MO,Transactional,50
991,710000083,772123456,2026-05-01,MO,Transactional,50
992,710000093,755123456,2026-03-23,MT,Transactional,50
993,710000011,755123456,2026-05-07,MO,Transactional,50
994,740000039,755123456,2026-05-07,MO,Transactional,50
995,710000080,772123456,2026-02-27,MO,Promotional,50
996,710000018,755123456,2026-06-26,MT,Promotional,50
997,740000022,772123456,2026-04-05,MO,Promotional,50
998,740000034,772123456,2026-01-13,MT,Promotional,50
999,740000034,710000043,2026-06-06,MT,Transactional,50
1000,710000090,772123456,2026-05-30,MT,Promotional,50
