CallID,CallingMSISDN,CalledMSISDN,CallDate,DurationSeconds,ChargeAmount,CallType
1,0740000009,0755123456,2026-03-22,648,1296,Onnet
2,0710000093,+256781234567,2026-06-20,326,652,Offnet
3,0740000042,0755123456,2026-02-02,577,1154,Onnet
4,0740000054,0755123456,2026-02-14,-50,1406,Offnet
5,0740000052,0772123456,2026-03-15,321,642,Onnet
6,0710000056,+256781234567,2026-03-24,680,1360,Offnet
7,0710000057,0772123456,2026-05-02,533,1066,Onnet
8,0740000085,0710000066,2026-06-12,689,1378,Offnet
9,,0772123456,2026-03-21,698,1396,Onnet
10,0740000026,0740000006,2026-05-02,260,520,Onnet
11,0710000059,+256781234567,2026-02-19,599,1198,Offnet
12,0710000064,0772123456,2026-06-26,681,1362,Onnet
13,0710000097,0772123456,2026-04-19,807,1614,Onnet
14,0740000023,+256781234567,2026-04-29,540,1080,Onnet
15,0740000072,0740000016,2026-02-04,477,954,Offnet
16,0710000086,+256781234567,2026-03-23,619,1238,Offnet
17,0710000079,+256781234567,2026-05-21,446,892,Offnet
18,0740000021,0755123456,2026-03-08,470,940,Onnet
19,0740000082,0710000100,2026-05-05,543,1086,Onnet
20,0740000036,+256781234567,2026-03-02,302,604,Offnet
21,0710000043,+256781234567,2026-02-05,92,184,Onnet
22,0710000030,0772123456,2026-02-24,733,1466,Onnet
23,0740000054,+256781234567,2026-04-17,487,974,Onnet
24,0710000027,0755123456,2026-05-30,798,1596,Onnet
25,0740000098,0755123456,2026-04-01,16,32,Offnet
26,0710000097,0755123456,2026-05-20,561,1122,Onnet
27,0710000063,0710000056,2026-01-08,507,1014,Offnet
28,0710000044,0755123456,2026-02-12,751,1502,Offnet
29,0740000017,+256781234567,2026-04-11,37,74,Onnet
30,0710000011,0772123456,2026-04-29,897,1794,Onnet
31,0740000007,0740000042,2026-04-27,226,452,Offnet
32,0710000044,0755123456,2026-04-18,294,588,Offnet
33,0710000011,+256781234567,2026-01-14,562,1124,Offnet
34,0740000029,+256781234567,2026-01-08,51,102,Onnet
35,0740000026,+256781234567,2026-03-03,166,332,Onnet
36,0740000061,+256781234567,2026-04-30,233,466,Offnet
37,0710000099,+256781234567,2026-01-30,631,1262,Onnet
38,0740000040,0710000004,2026-05-28,329,658,Offnet
39,0740000051,0772123456,2026-06-01,87,174,Onnet
40,0710000014,0755123456,2026-06-25,880,1760,Onnet
41,0710000073,0755123456,2026-04-20,555,1110,Offnet
42,0740000009,0755123456,2026-04-18,22,44,Offnet
43,0710000014,0755123456,2026-04-28,660,1320,Onnet
44,0710000056,0710000067,2026-03-11,676,1352,Offnet
45,0740000060,+256781234567,2026-03-10,616,1232,Offnet
46,0710000032,0772123456,2026-04-26,295,590,Onnet
47,0710000097,+256781234567,2026-04-08,694,1388,Offnet
48,0710000004,0755123456,2026-05-05,196,392,Onnet
49,0740000046,0755123456,2026-06-02,296,592,Offnet
50,0740000072,0740000025,2026-03-03,97,194,Offnet
51,0710000063,0772123456,2026-05-02,717,1434,Offnet
52,0740000058,0772123456,2026-02-26,311,622,Offnet
53,0740000089,0740000085,2026-04-05,605,1210,Offnet
54,0710000071,0755123456,2026-05-21,773,1546,Offnet
55,0740000046,0755123456,2026-03-06,323,646,Onnet
56,0740000016,0755123456,2026-05-18,132,264,Onnet
57,0740000025,0710000062,2026-05-31,293,586,Offnet
58,0710000013,0755123456,2026-04-03,242,484,Onnet
59,0740000039,0740000069,2026-03-12,139,278,Onnet
60,0740000007,+256781234567,2026-06-13,139,278,Offnet
61,0710000014,+256781234567,2026-05-01,301,602,Offnet
62,0710000057,0772123456,2026-05-03,268,536,Onnet
63,0740000009,0772123456,2026-06-11,600,1200,Onnet
64,0710000020,0710000073,2026-01-22,321,642,Onnet
65,0740000016,0755123456,2026-06-02,630,1260,Onnet
66,0710000100,0755123456,2026-03-18,463,926,Offnet
67,0740000040,0772123456,2026-01-26,634,1268,Onnet
68,0740000081,0740000085,2026-02-10,93,186,Onnet
69,0740000023,0772123456,2026-04-15,12,24,Offnet
70,0740000089,0755123456,2026-03-01,43,86,Offnet
71,0740000091,0710000059,2026-06-25,82,164,Onnet
72,0740000034,+256781234567,2026-06-19,613,1226,Onnet
73,0710000055,0740000029,2026-02-08,673,1346,Offnet
74,0740000019,0740000022,2026-03-20,821,1642,Offnet
75,0710000057,0740000089,2026-06-29,321,642,Offnet
76,0740000035,0755123456,2026-01-21,458,916,Onnet
77,0710000056,+256781234567,2026-01-07,266,532,Onnet
78,0710000030,+256781234567,2026-01-06,611,1222,Offnet
79,0740000074,0710000097,2026-05-01,189,378,Offnet
80,0740000036,0740000075,2026-06-12,456,912,Offnet
81,0740000012,0755123456,2026-03-24,351,702,Onnet
82,0740000021,+256781234567,2026-03-15,517,1034,Offnet
83,0740000098,0755123456,2026-03-22,100,200,Offnet
84,0740000042,0710000099,2026-05-12,423,846,Onnet
85,0740000085,0755123456,2026-01-14,433,866,Onnet
86,0710000067,0755123456,2026-04-24,650,1300,Onnet
87,0710000027,0740000017,2026-04-23,304,608,Offnet
88,0740000016,0740000081,2026-03-03,633,1266,Onnet
89,0740000040,+256781234567,2026-01-24,427,854,Onnet
90,0740000015,0772123456,2026-02-09,673,1346,Offnet
91,0740000092,0740000091,2026-04-17,289,578,Offnet
92,0740000061,0710000071,2026-04-09,158,316,Onnet
93,0740000077,0772123456,2026-01-18,894,1788,Offnet
94,0710000099,0755123456,2026-05-10,358,716,Offnet
95,0710000001,0740000039,2026-05-31,867,1734,Offnet
96,0710000020,0755123456,2026-03-27,363,726,Offnet
97,0710000059,0772123456,2026-03-03,724,1448,Offnet
98,0710000030,0755123456,2026-03-23,54,108,Offnet
99,0740000091,0755123456,2026-06-19,405,810,Onnet
100,0710000064,0772123456,2026-06-01,524,1048,Offnet
101,0710000013,0755123456,2026-05-15,112,224,Offnet
102,0710000002,0755123456,2026-02-09,680,1360,Onnet
103,0740000061,0755123456,2026-06-09,356,712,Offnet
104,0710000084,0710000043,2026-06-22,882,1764,Offnet
105,0740000041,0755123456,2026-01-10,564,1128,Onnet
106,0740000031,0755123456,2026-01-24,242,484,Offnet
107,0710000013,+256781234567,2026-04-24,112,224,Onnet
108,0740000089,0710000004,2026-03-25,57,114,Onnet
109,0710000038,0755123456,2026-03-04,159,318,Offnet
110,0710000073,0772123456,2026-02-14,184,368,Onnet
111,0710000079,+256781234567,2026-03-03,709,1418,Offnet
112,0740000075,0740000060,2026-03-07,663,1326,Offnet
113,0710000033,0755123456,2026-06-23,304,608,Onnet
114,0740000010,0755123456,2026-03-18,611,1222,Offnet
115,0740000089,0740000039,2026-04-09,213,426,Offnet
116,0710000014,0740000074,2026-05-28,377,754,Offnet
117,0710000090,0740000085,2026-03-12,415,830,Onnet
118,0710000073,+256781234567,2026-06-05,60,120,Offnet
119,0710000037,0772123456,2026-04-01,631,1262,Onnet
120,0740000082,0710000033,2026-06-18,704,1408,Onnet
121,0740000081,0740000081,2026-01-11,671,1342,Offnet
122,0710000057,0740000047,2026-02-03,759,1518,Onnet
123,0710000038,0755123456,2026-02-21,189,378,Onnet
124,0740000070,0755123456,2026-05-09,553,1106,Offnet
125,0740000022,0710000062,2026-03-17,835,1670,Offnet
126,0740000015,0772123456,2026-02-27,154,308,Offnet
127,0740000072,0755123456,2026-03-09,24,48,Onnet
128,0710000059,+256781234567,2026-03-09,698,1396,Offnet
129,0740000082,0772123456,2026-03-01,701,1402,Offnet
130,0710000004,+256781234567,2026-06-06,345,690,Onnet
131,0710000083,0740000060,2026-03-19,727,1454,Offnet
132,0740000015,0710000005,2026-05-07,321,642,Onnet
133,0710000013,0740000069,2026-04-10,148,296,Offnet
134,0740000048,+256781234567,2026-05-19,723,1446,Offnet
135,0710000076,0772123456,2026-06-17,434,868,Onnet
136,0710000063,0755123456,2026-06-26,43,86,Offnet
137,0710000028,0772123456,2026-04-03,885,1770,Onnet
138,0710000088,+256781234567,2026-01-16,377,754,Offnet
139,0740000036,0740000016,2026-04-27,878,1756,Onnet
140,0740000085,0740000082,2026-01-06,621,1242,Onnet
141,0710000043,0740000017,2026-05-25,815,1630,Onnet
142,0740000009,+256781234567,2026-05-31,222,444,Onnet
143,0710000030,0772123456,2026-06-02,817,1634,Onnet
144,0740000036,0772123456,2026-05-19,143,286,Offnet
145,0740000023,0710000004,2026-01-04,144,288,Offnet
146,0740000031,0772123456,2026-03-09,188,376,Onnet
147,0740000017,+256781234567,2026-01-17,126,252,Offnet
148,0740000058,+256781234567,2026-01-28,617,1234,Offnet
149,0710000065,0710000079,2026-06-18,54,108,Offnet
150,0710000059,0772123456,2026-05-03,72,144,Offnet
151,0710000055,0755123456,2026-04-24,739,1478,Onnet
152,0710000011,0772123456,2026-02-02,77,154,Offnet
153,0710000080,+256781234567,2026-03-25,739,1478,Offnet
154,0740000077,0755123456,2026-06-04,527,1054,Offnet
155,0710000013,0772123456,2026-06-17,883,1766,Onnet
156,0710000056,0772123456,2026-03-28,433,866,Offnet
157,0740000052,0772123456,2026-04-20,330,660,Offnet
158,0710000086,0710000020,2026-05-02,713,1426,Onnet
159,0740000012,0772123456,2026-01-25,452,904,Offnet
160,0740000017,+256781234567,2026-05-24,585,1170,Offnet
161,0710000086,0740000046,2026-04-19,691,1382,Onnet
162,0710000037,0755123456,2026-05-28,116,232,Onnet
163,0710000020,0772123456,2026-01-28,877,1754,Offnet
164,0740000072,0755123456,2026-02-27,597,1194,Offnet
165,0740000072,+256781234567,2026-06-22,638,1276,Onnet
166,0740000078,+256781234567,2026-01-08,283,566,Onnet
167,0740000035,0755123456,2026-03-31,357,714,Onnet
168,0710000024,+256781234567,2026-04-13,683,1366,Onnet
169,0740000019,0772123456,2026-05-16,103,206,Onnet
170,0710000049,0755123456,2026-04-05,171,342,Offnet
171,0710000093,+256781234567,2026-01-22,620,1240,Onnet
172,0710000020,0710000080,2026-06-22,60,120,Onnet
173,0740000035,0755123456,2026-06-05,507,1014,Offnet
174,0740000054,0710000097,2026-01-30,534,1068,Offnet
175,0710000056,0740000087,2026-06-01,704,1408,Offnet
176,0710000068,0772123456,2026-04-12,235,470,Onnet
177,0710000001,0710000028,2026-02-05,795,1590,Offnet
178,0710000038,0772123456,2026-04-21,519,1038,Onnet
179,0740000017,+256781234567,2026-05-09,245,490,Offnet
180,0740000010,+256781234567,2026-04-22,53,106,Onnet
181,0710000059,0755123456,2026-04-20,599,1198,Offnet
182,0740000091,0755123456,2026-04-14,127,254,Onnet
183,0740000042,0710000080,2026-06-26,481,962,Offnet
184,0740000012,0772123456,2026-04-22,259,518,Offnet
185,0710000068,0740000040,2026-03-28,773,1546,Onnet
186,0710000043,0772123456,2026-06-12,532,1064,Onnet
187,0710000068,0755123456,2026-06-15,369,738,Onnet
188,0740000031,0710000033,2026-02-14,212,424,Onnet
189,0740000098,0772123456,2026-06-10,191,382,Offnet
190,0740000060,+256781234567,2026-06-24,469,938,Offnet
191,0740000081,0755123456,2026-05-01,79,158,Offnet
192,0740000081,0755123456,2026-01-15,615,1230,Offnet
193,0710000065,0740000060,2026-01-10,472,944,Onnet
194,0740000048,0772123456,2026-01-24,670,1340,Offnet
195,0740000060,+256781234567,2026-04-26,52,104,Onnet
196,0740000042,+256781234567,2026-01-16,164,328,Offnet
197,0710000014,0755123456,2026-01-22,741,1482,Onnet
198,0740000006,0710000057,2026-05-15,459,918,Onnet
199,0740000047,0755123456,2026-04-15,406,812,Offnet
200,0740000087,+256781234567,2026-03-27,672,1344,Onnet
201,0710000043,0740000087,2026-03-14,405,810,Offnet
202,0710000093,+256781234567,2026-03-27,163,326,Onnet
203,0740000075,0755123456,2026-06-17,327,654,Offnet
204,0740000017,0772123456,2026-05-24,327,654,Offnet
205,0710000083,0772123456,2026-06-29,696,1392,Onnet
206,0710000083,+256781234567,2026-01-05,380,760,Offnet
207,0740000040,0710000028,2026-05-05,359,718,Onnet
208,0740000029,0772123456,2026-03-17,89,178,Onnet
209,0710000065,+256781234567,2026-01-10,549,1098,Offnet
210,0710000099,+256781234567,2026-02-09,395,790,Onnet
211,0710000024,+256781234567,2026-02-12,838,1676,Offnet
212,0740000006,+256781234567,2026-03-02,746,1492,Offnet
213,0710000079,0740000096,2026-04-25,812,1624,Onnet
214,0740000069,0740000061,2026-02-19,865,1730,Offnet
215,0740000087,0755123456,2026-03-14,482,964,Offnet
216,0710000065,0772123456,2026-02-21,846,1692,Onnet
217,0710000033,0710000062,2026-05-22,390,780,Onnet
218,0740000092,0772123456,2026-01-22,301,602,Onnet
219,0740000035,+256781234567,2026-04-22,160,320,Onnet
220,0740000029,0755123456,2026-04-17,37,74,Onnet
221,0740000051,0772123456,2026-01-21,405,810,Offnet
222,0740000029,0710000013,2026-06-16,869,1738,Offnet
223,0740000019,0710000037,2026-05-01,859,1718,Onnet
224,0740000098,0755123456,2026-01-02,640,1280,Onnet
225,0710000003,0710000020,2026-06-05,571,1142,Offnet
226,0740000015,0772123456,2026-02-01,318,636,Onnet
227,0740000031,+256781234567,2026-01-17,478,956,Onnet
228,0710000064,0772123456,2026-05-12,657,1314,Onnet
229,0740000092,0710000055,2026-06-07,11,22,Offnet
230,0740000031,0772123456,2026-06-21,690,1380,Onnet
231,0710000068,0772123456,2026-05-20,548,1096,Onnet
232,0740000050,0772123456,2026-04-10,660,1320,Offnet
233,0710000033,0755123456,2026-01-18,817,1634,Offnet
234,0740000031,+256781234567,2026-05-29,116,232,Offnet
235,0710000018,0740000070,2026-06-14,356,712,Onnet
236,0710000100,+256781234567,2026-06-11,500,1000,Onnet
237,0710000018,0710000100,2026-01-10,478,956,Offnet
238,0740000026,0740000026,2026-03-22,52,104,Offnet
239,0710000066,+256781234567,2026-03-06,494,988,Onnet
240,0710000097,0755123456,2026-01-13,375,750,Offnet
241,0740000035,0740000048,2026-04-13,457,914,Offnet
242,0740000050,0772123456,2026-06-27,518,1036,Offnet
243,0740000048,+256781234567,2026-01-22,283,566,Offnet
244,0710000011,0772123456,2026-03-17,568,1136,Offnet
245,0710000014,0740000085,2026-03-20,312,624,Offnet
246,0740000078,0772123456,2026-04-24,716,1432,Offnet
247,0740000058,0740000046,2026-04-22,639,1278,Offnet
248,0740000082,0772123456,2026-06-21,86,172,Offnet
249,0740000047,+256781234567,2026-02-10,705,1410,Onnet
250,0740000019,+256781234567,2026-04-23,810,1620,Onnet
251,0740000017,0710000100,2026-04-04,670,1340,Offnet
252,0740000050,0772123456,2026-02-09,629,1258,Offnet
253,0740000048,0772123456,2026-02-05,597,1194,Offnet
254,0740000051,0755123456,2026-01-30,265,530,Onnet
255,0740000095,0710000067,2026-05-24,406,812,Onnet
256,0740000034,+256781234567,2026-02-24,466,932,Offnet
257,0740000089,0755123456,2026-02-01,214,428,Onnet
258,0740000010,+256781234567,2026-01-23,465,930,Offnet
259,0710000086,0772123456,2026-05-19,573,1146,Offnet
260,0740000039,+256781234567,2026-06-29,736,1472,Onnet
261,0740000047,0772123456,2026-02-05,215,430,Onnet
262,0710000064,0710000071,2026-04-05,596,1192,Offnet
263,0710000071,0740000012,2026-03-21,77,154,Offnet
264,0740000092,+256781234567,2026-04-15,430,860,Onnet
265,0740000017,+256781234567,2026-04-26,85,170,Offnet
266,0710000088,0772123456,2026-05-22,858,1716,Onnet
267,0710000099,0755123456,2026-01-15,524,1048,Onnet
268,0710000067,0740000022,2026-03-24,175,350,Onnet
269,0710000045,+256781234567,2026-01-21,300,600,Offnet
270,0740000026,+256781234567,2026-02-02,291,582,Offnet
271,0710000079,+256781234567,2026-02-13,666,1332,Onnet
272,0740000022,+256781234567,2026-03-28,629,1258,Onnet
273,0710000004,0710000083,2026-05-28,799,1598,Offnet
274,0710000084,0740000074,2026-06-08,436,872,Onnet
275,0710000064,+256781234567,2026-06-14,306,612,Offnet
276,0710000062,0710000088,2026-03-18,425,850,Offnet
277,0740000010,0772123456,2026-04-17,460,920,Offnet
278,0740000060,0740000078,2026-03-22,157,314,Offnet
279,0740000094,0755123456,2026-02-03,418,836,Offnet
280,0710000066,0755123456,2026-04-30,257,514,Onnet
281,0740000035,0772123456,2026-01-13,109,218,Offnet
282,0740000050,0755123456,2026-02-10,264,528,Offnet
283,0740000074,0772123456,2026-02-10,791,1582,Offnet
284,0710000066,0755123456,2026-01-06,519,1038,Onnet
285,0740000051,0772123456,2026-05-30,230,460,Offnet
286,0740000007,0710000064,2026-06-17,621,1242,Offnet
287,0710000037,0772123456,2026-02-04,451,902,Offnet
288,0740000094,0755123456,2026-01-12,384,768,Offnet
289,0740000007,0772123456,2026-05-22,381,762,Offnet
290,0740000010,0755123456,2026-05-21,792,1584,Offnet
291,0710000080,0772123456,2026-01-25,141,282,Offnet
292,0740000048,0755123456,2026-04-04,581,1162,Onnet
293,0740000026,0755123456,2026-01-11,522,1044,Onnet
294,0710000005,0710000043,2026-05-02,833,1666,Offnet
295,0710000020,+256781234567,2026-03-25,153,306,Offnet
296,0740000021,+256781234567,2026-03-18,767,1534,Offnet
297,0710000065,+256781234567,2026-05-25,511,1022,Offnet
298,0740000061,0755123456,2026-06-22,349,698,Onnet
299,0740000054,+256781234567,2026-06-11,714,1428,Onnet
300,0740000077,+256781234567,2026-05-29,811,1622,Onnet
301,0710000093,0710000062,2026-05-15,184,368,Offnet
302,0740000019,0772123456,2026-05-27,42,84,Onnet
303,0740000025,0740000041,2026-02-08,438,876,Offnet
304,0740000089,0710000065,2026-06-06,803,1606,Offnet
305,0740000095,+256781234567,2026-05-13,151,302,Onnet
306,0740000072,+256781234567,2026-05-15,499,998,Offnet
307,0740000041,0755123456,2026-03-29,555,1110,Offnet
308,0740000087,+256781234567,2026-06-14,707,1414,Offnet
309,0710000079,0772123456,2026-05-23,295,590,Offnet
310,0740000029,0755123456,2026-03-15,799,1598,Onnet
311,0740000089,0755123456,2026-03-31,501,1002,Offnet
312,0710000037,0740000087,2026-04-08,566,1132,Offnet
313,0710000045,0772123456,2026-01-11,307,614,Offnet
314,0740000092,0710000057,2026-03-07,681,1362,Offnet
315,0710000028,0740000069,2026-05-24,287,574,Offnet
316,0710000018,0740000095,2026-03-03,610,1220,Onnet
317,0740000007,+256781234567,2026-06-13,241,482,Onnet
318,0740000007,0710000043,2026-05-01,744,1488,Onnet
319,0710000088,0772123456,2026-02-10,573,1146,Offnet
320,0710000084,0755123456,2026-06-16,498,996,Onnet
321,0710000097,0755123456,2026-06-15,302,604,Onnet
322,0710000099,0740000074,2026-05-17,247,494,Onnet
323,0740000023,0772123456,2026-04-12,47,94,Offnet
324,0710000024,0755123456,2026-01-03,48,96,Offnet
325,0710000073,0755123456,2026-04-27,301,602,Offnet
326,0710000018,0755123456,2026-02-19,289,578,Onnet
327,0710000043,0710000059,2026-03-07,673,1346,Onnet
328,0710000002,0755123456,2026-06-22,591,1182,Onnet
329,0740000023,+256781234567,2026-04-20,425,850,Offnet
330,0740000012,0772123456,2026-02-05,199,398,Offnet
331,0740000042,0772123456,2026-04-09,277,554,Onnet
332,0740000058,0755123456,2026-05-30,319,638,Onnet
333,0740000034,+256781234567,2026-01-16,251,502,Onnet
334,0740000060,0755123456,2026-05-09,712,1424,Offnet
335,0740000089,0710000038,2026-06-07,386,772,Onnet
336,0740000029,0755123456,2026-04-27,166,332,Offnet
337,0740000054,0755123456,2026-05-18,785,1570,Onnet
338,0740000098,0710000097,2026-01-21,620,1240,Offnet
339,0710000068,0772123456,2026-01-29,587,1174,Onnet
340,0710000071,0772123456,2026-05-18,596,1192,Onnet
341,0740000022,+256781234567,2026-01-30,462,924,Onnet
342,0740000092,0772123456,2026-04-25,532,1064,Onnet
343,0710000059,0740000054,2026-05-25,477,954,Onnet
344,0740000072,0755123456,2026-01-06,750,1500,Offnet
345,0710000033,+256781234567,2026-05-29,233,466,Onnet
346,0740000006,+256781234567,2026-05-19,75,150,Onnet
347,0740000009,0755123456,2026-03-15,42,84,Offnet
348,0710000024,+256781234567,2026-06-15,756,1512,Offnet
349,0740000048,0755123456,2026-04-07,469,938,Offnet
350,0710000011,+256781234567,2026-02-04,562,1124,Offnet
351,0740000016,0740000069,2026-05-16,412,824,Onnet
352,0740000094,0772123456,2026-01-06,784,1568,Offnet
353,0740000060,+256781234567,2026-05-17,444,888,Offnet
354,0710000030,0710000045,2026-03-12,168,336,Onnet
355,0710000093,0772123456,2026-06-19,838,1676,Offnet
356,0710000079,0772123456,2026-02-22,256,512,Onnet
357,0710000013,0755123456,2026-06-22,622,1244,Onnet
358,0710000032,0755123456,2026-03-01,459,918,Onnet
359,0710000097,0772123456,2026-05-09,153,306,Offnet
360,0710000030,+256781234567,2026-03-23,599,1198,Offnet
361,0740000031,0772123456,2026-05-14,686,1372,Onnet
362,0710000053,0772123456,2026-06-01,580,1160,Onnet
363,0740000081,+256781234567,2026-01-13,517,1034,Offnet
364,0710000083,+256781234567,2026-06-28,336,672,Offnet
365,0710000053,0710000049,2026-05-18,198,396,Offnet
366,0740000031,0755123456,2026-02-06,888,1776,Offnet
367,0710000008,0755123456,2026-05-16,580,1160,Onnet
368,0740000050,0710000027,2026-06-15,348,696,Onnet
369,0740000058,0772123456,2026-02-18,558,1116,Onnet
370,0740000035,+256781234567,2026-01-11,627,1254,Onnet
371,0740000025,+256781234567,2026-06-21,751,1502,Onnet
372,0710000062,0710000043,2026-01-04,320,640,Onnet
373,0740000025,0772123456,2026-05-03,774,1548,Onnet
374,0710000090,0772123456,2026-03-03,416,832,Offnet
375,0710000100,0740000060,2026-06-16,556,1112,Offnet
376,0740000040,0710000066,2026-04-30,519,1038,Onnet
377,0710000093,0755123456,2026-04-05,218,436,Offnet
378,0710000053,0740000029,2026-02-07,769,1538,Onnet
379,0740000034,+256781234567,2026-04-17,603,1206,Offnet
380,0710000020,0710000030,2026-05-26,398,796,Onnet
381,0710000064,+256781234567,2026-03-07,355,710,Offnet
382,0710000093,0755123456,2026-02-13,481,962,Offnet
383,0740000022,0740000070,2026-02-17,510,1020,Onnet
384,0710000068,0740000010,2026-06-21,847,1694,Onnet
385,0740000098,0710000018,2026-06-11,872,1744,Onnet
386,0740000009,0772123456,2026-05-10,233,466,Offnet
387,0740000048,0740000082,2026-06-07,692,1384,Offnet
388,0740000085,0772123456,2026-05-22,554,1108,Offnet
389,0710000002,0710000093,2026-05-18,291,582,Offnet
390,0710000003,+256781234567,2026-04-21,700,1400,Onnet
391,0710000014,+256781234567,2026-03-03,162,324,Onnet
392,0710000080,0755123456,2026-04-12,283,566,Onnet
393,0740000048,0755123456,2026-03-04,588,1176,Onnet
394,0740000039,0772123456,2026-06-16,679,1358,Onnet
395,0740000012,0755123456,2026-05-02,575,1150,Onnet
396,0740000082,0740000022,2026-05-08,94,188,Offnet
397,0710000083,+256781234567,2026-01-25,888,1776,Onnet
398,0710000030,0740000089,2026-05-02,590,1180,Offnet
399,0740000006,+256781234567,2026-05-20,297,594,Onnet
400,0740000023,0755123456,2026-02-23,26,52,Onnet
401,0710000097,0755123456,2026-03-18,88,176,Onnet
402,0710000073,0740000050,2026-05-19,703,1406,Offnet
403,0740000050,0772123456,2026-06-26,819,1638,Onnet
404,0710000065,0755123456,2026-01-26,64,128,Offnet
405,0710000030,0755123456,2026-06-07,629,1258,Offnet
406,0710000100,+256781234567,2026-04-26,289,578,Offnet
407,0710000030,0755123456,2026-02-17,452,904,Offnet
408,0710000011,0755123456,2026-03-05,827,1654,Onnet
409,0710000011,0710000049,2026-06-12,738,1476,Onnet
410,0740000095,0755123456,2026-01-24,119,238,Onnet
411,0740000040,0755123456,2026-02-03,114,228,Onnet
412,0710000024,+256781234567,2026-05-12,578,1156,Offnet
413,0710000014,0740000046,2026-01-24,577,1154,Offnet
414,0740000050,0710000053,2026-01-22,407,814,Onnet
415,0740000074,+256781234567,2026-02-13,399,798,Onnet
416,0740000035,0755123456,2026-01-17,159,318,Onnet
417,0710000056,0740000039,2026-01-20,505,1010,Offnet
418,0710000033,+256781234567,2026-05-07,650,1300,Onnet
419,0710000059,0740000039,2026-04-12,16,32,Offnet
420,0710000080,0755123456,2026-03-27,460,920,Offnet
421,0710000084,0772123456,2026-03-24,317,634,Onnet
422,0710000062,0755123456,2026-03-16,336,672,Offnet
423,0740000074,0755123456,2026-03-13,395,790,Offnet
424,0740000047,0710000073,2026-06-01,214,428,Onnet
425,0710000088,0772123456,2026-04-29,754,1508,Onnet
426,0710000057,+256781234567,2026-04-15,80,160,Offnet
427,0710000018,0772123456,2026-06-18,268,536,Onnet
428,0740000092,0755123456,2026-04-25,85,170,Offnet
429,0740000075,+256781234567,2026-06-27,900,1800,Offnet
430,0740000070,0740000047,2026-05-18,728,1456,Onnet
431,0710000014,+256781234567,2026-04-01,690,1380,Onnet
432,0710000083,+256781234567,2026-06-23,670,1340,Offnet
433,0710000097,0755123456,2026-01-03,118,236,Onnet
434,0740000034,0740000096,2026-05-23,541,1082,Onnet
435,0740000058,0755123456,2026-06-23,800,1600,Onnet
436,0710000045,0755123456,2026-03-17,117,234,Offnet
437,0710000011,0740000094,2026-03-31,155,310,Offnet
438,0710000044,0772123456,2026-05-04,543,1086,Offnet
439,0740000061,0710000093,2026-04-26,723,1446,Offnet
440,0740000009,+256781234567,2026-01-06,127,254,Offnet
441,0710000083,0740000022,2026-03-04,768,1536,Onnet
442,0710000071,0740000072,2026-04-29,446,892,Onnet
443,0740000052,0772123456,2026-06-18,665,1330,Offnet
444,0740000051,0710000079,2026-04-26,212,424,Offnet
445,0740000050,0710000028,2026-03-13,220,440,Onnet
446,0740000074,0740000069,2026-04-04,201,402,Offnet
447,0740000026,0755123456,2026-05-06,696,1392,Offnet
448,0740000077,0755123456,2026-01-30,611,1222,Offnet
449,0740000046,+256781234567,2026-06-22,186,372,Offnet
450,0710000079,+256781234567,2026-03-22,147,294,Onnet
451,0740000031,0772123456,2026-06-27,392,784,Onnet
452,0710000066,+256781234567,2026-05-28,151,302,Offnet
453,0710000055,0740000082,2026-06-27,560,1120,Onnet
454,0740000072,0710000037,2026-02-17,153,306,Offnet
455,0740000058,0755123456,2026-05-05,19,38,Onnet
456,0740000025,+256781234567,2026-06-17,527,1054,Offnet
457,0710000053,0755123456,2026-04-24,737,1474,Offnet
458,0740000022,0710000004,2026-02-26,824,1648,Offnet
459,0710000005,0740000069,2026-02-13,305,610,Offnet
460,0710000073,0755123456,2026-05-11,572,1144,Onnet
461,0740000074,0710000100,2026-04-04,566,1132,Onnet
462,0740000098,+256781234567,2026-04-19,233,466,Onnet
463,0740000095,0772123456,2026-01-09,314,628,Offnet
464,0740000034,0772123456,2026-01-31,459,918,Onnet
465,0710000027,+256781234567,2026-03-31,715,1430,Offnet
466,0740000022,0772123456,2026-02-22,843,1686,Onnet
467,0710000073,0755123456,2026-05-18,621,1242,Onnet
468,0740000042,0755123456,2026-05-27,306,612,Offnet
469,0710000066,+256781234567,2026-01-25,844,1688,Onnet
470,0710000097,0772123456,2026-06-17,293,586,Onnet
471,0710000090,0772123456,2026-03-24,159,318,Onnet
472,0740000098,0755123456,2026-02-06,511,1022,Offnet
473,0740000081,0755123456,2026-06-12,87,174,Onnet
474,0740000052,0755123456,2026-04-05,721,1442,Offnet
475,0710000063,0772123456,2026-01-24,899,1798,Offnet
476,0740000082,0755123456,2026-01-17,880,1760,Offnet
477,0710000028,0772123456,2026-03-10,516,1032,Offnet
478,0710000037,+256781234567,2026-05-25,143,286,Offnet
479,0710000044,0772123456,2026-01-26,57,114,Offnet
480,0710000003,0740000021,2026-04-27,461,922,Onnet
481,0710000055,0740000089,2026-06-16,145,290,Offnet
482,0740000021,0755123456,2026-06-17,105,210,Offnet
483,0710000033,0710000086,2026-02-12,674,1348,Onnet
484,0740000051,+256781234567,2026-03-01,726,1452,Offnet
485,0710000084,0710000013,2026-02-24,11,22,Offnet
486,0740000010,0740000029,2026-06-24,541,1082,Offnet
487,0710000002,0710000044,2026-01-31,846,1692,Offnet
488,0740000089,0740000010,2026-04-09,244,488,Onnet
489,0740000094,0772123456,2026-04-05,330,660,Offnet
490,0710000018,0772123456,2026-06-23,666,1332,Onnet
491,0740000009,0772123456,2026-06-16,634,1268,Onnet
492,0710000057,0772123456,2026-02-08,653,1306,Offnet
493,0710000079,0772123456,2026-01-26,98,196,Onnet
494,0710000097,0740000094,2026-03-31,403,806,Offnet
495,0740000041,0772123456,2026-06-15,293,586,Onnet
496,0710000032,+256781234567,2026-06-05,748,1496,Offnet
497,0710000100,0772123456,2026-06-18,878,1756,Offnet
498,0710000027,+256781234567,2026-04-11,203,406,Offnet
499,0710000083,0740000031,2026-04-09,516,1032,Onnet
500,0740000031,+256781234567,2026-05-16,82,164,Onnet
501,0740000047,0772123456,2026-05-26,406,812,Offnet
502,0740000047,0772123456,2026-05-01,791,1582,Onnet
503,0710000003,0772123456,2026-02-25,278,556,Onnet
504,0710000008,0755123456,2026-03-15,528,1056,Offnet
505,0710000055,0772123456,2026-05-18,665,1330,Onnet
506,0740000036,0710000011,2026-02-22,533,1066,Onnet
507,0740000069,+256781234567,2026-06-16,659,1318,Onnet
508,0740000040,+256781234567,2026-03-03,876,1752,Onnet
509,0710000032,0710000056,2026-04-27,128,256,Onnet
510,0740000040,+256781234567,2026-02-14,768,1536,Onnet
511,0710000002,+256781234567,2026-02-11,21,42,Offnet
512,0710000045,+256781234567,2026-02-12,275,550,Offnet
513,0740000017,0755123456,2026-01-31,760,1520,Onnet
514,0710000043,0755123456,2026-01-17,546,1092,Offnet
515,0740000092,+256781234567,2026-05-08,88,176,Offnet
516,0710000066,0755123456,2026-05-26,889,1778,Onnet
517,0740000048,0710000099,2026-05-27,115,230,Onnet
518,0710000030,0772123456,2026-01-04,55,110,Onnet
519,0740000006,0755123456,2026-02-15,163,326,Onnet
520,0710000071,+256781234567,2026-06-17,768,1536,Offnet
521,0740000029,0755123456,2026-03-23,747,1494,Offnet
522,0740000010,0772123456,2026-06-22,524,1048,Onnet
523,0740000023,0710000067,2026-04-13,57,114,Onnet
524,0740000060,0755123456,2026-01-23,345,690,Offnet
525,0710000002,0755123456,2026-03-19,587,1174,Onnet
526,0740000060,0755123456,2026-02-20,801,1602,Onnet
527,0710000020,0710000053,2026-03-01,34,68,Offnet
528,0740000082,0772123456,2026-01-01,353,706,Offnet
529,0740000095,0772123456,2026-05-16,220,440,Onnet
530,0740000054,0772123456,2026-03-13,155,310,Onnet
531,0740000006,+256781234567,2026-06-29,432,864,Offnet
532,0710000059,0772123456,2026-01-25,604,1208,Onnet
533,0740000082,0772123456,2026-05-26,616,1232,Onnet
534,0710000056,0772123456,2026-03-16,252,504,Offnet
535,0740000041,0755123456,2026-03-25,727,1454,Offnet
536,0740000058,0740000010,2026-02-04,217,434,Onnet
537,0710000020,0740000058,2026-03-22,487,974,Offnet
538,0740000016,0772123456,2026-03-20,472,944,Offnet
539,0740000034,0772123456,2026-06-25,171,342,Offnet
540,0740000091,0772123456,2026-03-25,230,460,Onnet
541,0740000012,0755123456,2026-05-12,415,830,Onnet
542,0740000087,0740000023,2026-04-14,41,82,Offnet
543,0740000072,0772123456,2026-04-29,106,212,Onnet
544,0710000018,0710000008,2026-02-26,860,1720,Onnet
545,0740000026,0755123456,2026-06-11,712,1424,Onnet
546,0740000075,0772123456,2026-01-17,32,64,Onnet
547,0710000083,0772123456,2026-03-26,104,208,Onnet
548,0740000006,0772123456,2026-05-27,182,364,Offnet
549,0710000093,0772123456,2026-06-24,401,802,Offnet
550,0740000023,0772123456,2026-03-13,291,582,Offnet
551,0710000020,0710000080,2026-03-04,641,1282,Offnet
552,0710000064,+256781234567,2026-01-16,500,1000,Onnet
553,0740000036,0755123456,2026-06-14,214,428,Onnet
554,0740000081,+256781234567,2026-01-05,823,1646,Offnet
555,0740000092,+256781234567,2026-05-05,810,1620,Offnet
556,0710000073,0755123456,2026-02-16,286,572,Onnet
557,0740000041,0772123456,2026-03-13,840,1680,Onnet
558,0740000061,+256781234567,2026-02-10,248,496,Onnet
559,0710000032,0755123456,2026-01-15,556,1112,Onnet
560,0740000074,0755123456,2026-02-14,373,746,Onnet
561,0740000031,+256781234567,2026-04-02,724,1448,Onnet
562,0740000091,+256781234567,2026-02-06,587,1174,Onnet
563,0710000064,0772123456,2026-01-10,512,1024,Onnet
564,0710000008,0740000029,2026-05-15,30,60,Offnet
565,0710000001,+256781234567,2026-02-03,216,432,Offnet
566,0740000092,0740000042,2026-01-06,70,140,Onnet
567,0710000076,0772123456,2026-01-29,802,1604,Offnet
568,0740000010,+256781234567,2026-05-31,415,830,Onnet
569,0710000044,0772123456,2026-04-22,171,342,Offnet
570,0710000084,+256781234567,2026-06-27,585,1170,Offnet
571,0740000029,0772123456,2026-03-20,397,794,Offnet
572,0740000017,0710000001,2026-05-27,728,1456,Offnet
573,0710000099,0772123456,2026-06-04,196,392,Offnet
574,0710000079,0710000073,2026-05-08,116,232,Onnet
575,0710000043,0772123456,2026-03-23,365,730,Onnet
576,0740000082,0772123456,2026-06-21,851,1702,Offnet
577,0740000058,0710000027,2026-06-27,265,530,Onnet
578,0710000045,0710000014,2026-01-01,747,1494,Onnet
579,0740000050,0755123456,2026-04-16,180,360,Offnet
580,0710000049,0755123456,2026-05-03,113,226,Onnet
581,0740000021,0772123456,2026-01-06,311,622,Offnet
582,0740000034,0772123456,2026-02-13,360,720,Offnet
583,0740000021,+256781234567,2026-03-28,105,210,Offnet
584,0740000091,0710000084,2026-06-05,178,356,Offnet
585,0740000021,0710000043,2026-02-18,220,440,Offnet
586,0710000090,+256781234567,2026-03-09,563,1126,Offnet
587,0740000039,0740000007,2026-05-27,412,824,Offnet
588,0710000020,0710000001,2026-01-23,447,894,Offnet
589,0740000085,0755123456,2026-01-25,214,428,Onnet
590,0710000027,0710000038,2026-05-02,93,186,Onnet
591,0740000040,0755123456,2026-06-19,510,1020,Offnet
592,0740000012,0755123456,2026-04-05,199,398,Offnet
593,0740000048,0740000006,2026-04-23,279,558,Offnet
594,0740000034,0740000035,2026-01-16,587,1174,Onnet
595,0710000097,0772123456,2026-06-21,97,194,Offnet
596,0740000070,+256781234567,2026-05-22,242,484,Onnet
597,0740000050,0755123456,2026-06-25,558,1116,Offnet
598,0740000074,0755123456,2026-01-21,316,632,Offnet
599,0740000092,0740000074,2026-05-27,539,1078,Onnet
600,0740000016,0755123456,2026-02-12,187,374,Onnet
601,0740000025,0710000055,2026-06-24,90,180,Offnet
602,0740000026,+256781234567,2026-06-02,161,322,Offnet
603,0740000041,0772123456,2026-04-10,99,198,Offnet
604,0710000071,0755123456,2026-04-28,542,1084,Onnet
605,0710000090,+256781234567,2026-04-18,810,1620,Onnet
606,0740000054,0710000073,2026-05-30,612,1224,Onnet
607,0710000014,0772123456,2026-03-15,814,1628,Offnet
608,0710000053,0710000084,2026-05-27,507,1014,Offnet
609,0710000005,0740000052,2026-06-08,157,314,Offnet
610,0710000005,0755123456,2026-03-02,717,1434,Onnet
611,0740000096,0755123456,2026-01-06,391,782,Offnet
612,0740000039,0755123456,2026-06-28,888,1776,Onnet
613,0710000030,0740000096,2026-03-24,463,926,Offnet
614,0740000094,+256781234567,2026-02-18,101,202,Offnet
615,0710000028,0755123456,2026-05-05,768,1536,Offnet
616,0710000008,0772123456,2026-03-21,77,154,Offnet
617,0710000018,+256781234567,2026-01-08,592,1184,Onnet
618,0740000025,0772123456,2026-01-15,867,1734,Onnet
619,0710000005,0755123456,2026-02-20,731,1462,Offnet
620,0740000048,+256781234567,2026-06-12,416,832,Onnet
621,0710000088,0740000048,2026-06-02,510,1020,Offnet
622,0740000023,0755123456,2026-05-22,610,1220,Offnet
623,0710000045,0740000034,2026-06-26,776,1552,Onnet
624,0710000037,0740000007,2026-05-27,176,352,Onnet
625,0740000029,+256781234567,2026-03-10,221,442,Offnet
626,0710000066,0710000100,2026-06-24,795,1590,Onnet
627,0740000061,+256781234567,2026-06-03,187,374,Onnet
628,0740000029,0740000040,2026-06-14,739,1478,Offnet
629,0710000055,0755123456,2026-03-06,480,960,Onnet
630,0740000060,+256781234567,2026-06-09,854,1708,Offnet
631,0740000075,0710000066,2026-04-06,688,1376,Offnet
632,0740000039,0755123456,2026-03-28,75,150,Offnet
633,0740000082,0755123456,2026-06-17,277,554,Offnet
634,0740000025,0740000098,2026-01-15,256,512,Offnet
635,0740000085,0772123456,2026-01-07,748,1496,Offnet
636,0710000038,0740000054,2026-04-10,424,848,Onnet
637,0740000075,+256781234567,2026-02-18,845,1690,Offnet
638,0710000093,+256781234567,2026-06-13,557,1114,Offnet
639,0710000086,0755123456,2026-02-13,875,1750,Onnet
640,0710000038,0740000017,2026-03-08,768,1536,Onnet
641,0710000088,+256781234567,2026-02-26,101,202,Offnet
642,0740000029,0755123456,2026-03-26,440,880,Offnet
643,0740000034,0755123456,2026-01-31,881,1762,Offnet
644,0740000007,+256781234567,2026-06-08,604,1208,Onnet
645,0740000061,+256781234567,2026-06-24,132,264,Offnet
646,0710000068,0740000007,2026-02-08,884,1768,Onnet
647,0740000026,+256781234567,2026-02-06,478,956,Offnet
648,0740000092,0710000011,2026-03-27,509,1018,Onnet
649,0740000041,0772123456,2026-03-12,472,944,Onnet
650,0740000098,+256781234567,2026-02-10,792,1584,Offnet
651,0740000098,0772123456,2026-04-22,639,1278,Offnet
652,0740000052,0755123456,2026-01-02,402,804,Onnet
653,0740000069,0740000048,2026-03-24,24,48,Onnet
654,0710000003,+256781234567,2026-03-05,761,1522,Onnet
655,0740000089,0755123456,2026-01-27,142,284,Offnet
656,0710000065,0772123456,2026-01-12,76,152,Offnet
657,0710000038,+256781234567,2026-05-15,620,1240,Offnet
658,0710000056,0772123456,2026-05-06,360,720,Offnet
659,0710000097,0740000052,2026-02-28,29,58,Onnet
660,0740000094,0772123456,2026-01-06,761,1522,Onnet
661,0740000016,+256781234567,2026-01-10,821,1642,Offnet
662,0740000082,0740000069,2026-01-13,648,1296,Onnet
663,0740000085,0710000003,2026-06-26,59,118,Onnet
664,0740000054,0772123456,2026-03-06,570,1140,Offnet
665,0710000090,0740000089,2026-06-11,712,1424,Onnet
666,0740000039,0772123456,2026-05-14,688,1376,Offnet
667,0710000080,0772123456,2026-01-27,438,876,Onnet
668,0710000037,0710000014,2026-02-20,519,1038,Onnet
669,0710000100,0710000067,2026-04-02,216,432,Offnet
670,0710000038,0710000071,2026-02-23,518,1036,Offnet
671,0710000043,0710000002,2026-01-23,697,1394,Onnet
672,0740000074,0772123456,2026-05-11,102,204,Onnet
673,0710000093,0755123456,2026-03-01,669,1338,Offnet
674,0710000038,0740000007,2026-02-14,112,224,Onnet
675,0710000038,+256781234567,2026-04-20,330,660,Onnet
676,0710000013,0772123456,2026-02-05,19,38,Onnet
677,0710000043,0755123456,2026-03-10,646,1292,Onnet
678,0740000048,0772123456,2026-04-13,126,252,Offnet
679,0710000059,0740000050,2026-05-03,716,1432,Offnet
680,0710000084,0772123456,2026-02-03,125,250,Onnet
681,0740000021,0710000076,2026-05-26,504,1008,Offnet
682,0710000024,0755123456,2026-01-08,636,1272,Onnet
683,0710000062,0772123456,2026-04-23,431,862,Onnet
684,0740000009,0740000041,2026-06-30,22,44,Onnet
685,0710000086,+256781234567,2026-06-26,545,1090,Onnet
686,0710000056,0772123456,2026-03-30,503,1006,Offnet
687,0710000020,+256781234567,2026-01-14,637,1274,Onnet
688,0710000083,+256781234567,2026-05-01,879,1758,Offnet
689,0740000022,0710000063,2026-03-03,338,676,Offnet
690,0740000036,0740000029,2026-06-14,573,1146,Offnet
691,0740000052,0772123456,2026-04-24,480,960,Offnet
692,0740000012,0755123456,2026-01-31,333,666,Offnet
693,0740000096,0772123456,2026-04-16,423,846,Onnet
694,0740000072,0772123456,2026-06-04,820,1640,Offnet
695,0710000066,+256781234567,2026-04-27,697,1394,Offnet
696,0740000047,0772123456,2026-04-27,874,1748,Offnet
697,0740000072,+256781234567,2026-06-18,494,988,Offnet
698,0740000092,0772123456,2026-06-18,787,1574,Onnet
699,0710000001,+256781234567,2026-03-16,829,1658,Offnet
700,0710000090,0740000022,2026-02-05,514,1028,Offnet
701,0710000014,0740000026,2026-01-31,202,404,Offnet
702,0710000028,0772123456,2026-03-28,743,1486,Onnet
703,0710000097,+256781234567,2026-06-22,867,1734,Onnet
704,0710000099,0755123456,2026-05-31,684,1368,Onnet
705,0710000064,0740000095,2026-05-22,59,118,Offnet
706,0740000075,+256781234567,2026-02-15,809,1618,Onnet
707,0740000094,0772123456,2026-06-18,406,812,Offnet
708,0710000065,0755123456,2026-06-27,633,1266,Onnet
709,0740000036,0755123456,2026-04-26,311,622,Onnet
710,0710000018,+256781234567,2026-05-12,776,1552,Offnet
711,0710000090,0755123456,2026-05-22,738,1476,Onnet
712,0740000026,0740000092,2026-06-25,307,614,Offnet
713,0740000087,0740000091,2026-02-15,675,1350,Offnet
714,0740000091,0740000046,2026-05-03,585,1170,Offnet
715,0740000087,+256781234567,2026-04-19,302,604,Onnet
716,0710000067,0710000049,2026-01-14,158,316,Onnet
717,0740000026,0740000021,2026-06-24,303,606,Offnet
718,0740000019,+256781234567,2026-03-17,813,1626,Onnet
719,0710000097,0755123456,2026-04-26,843,1686,Onnet
720,0710000079,+256781234567,2026-02-27,585,1170,Offnet
721,0740000031,+256781234567,2026-06-27,304,608,Onnet
722,0710000049,+256781234567,2026-05-22,330,660,Onnet
723,0710000002,0772123456,2026-04-24,645,1290,Onnet
724,0740000082,+256781234567,2026-05-31,386,772,Onnet
725,0710000100,0772123456,2026-04-25,311,622,Onnet
726,0710000088,0740000023,2026-05-12,762,1524,Onnet
727,0710000049,0740000036,2026-03-09,579,1158,Onnet
728,0740000021,0755123456,2026-03-26,15,30,Offnet
729,0740000091,0772123456,2026-03-24,167,334,Onnet
730,0710000100,+256781234567,2026-06-19,873,1746,Offnet
731,0710000063,+256781234567,2026-01-19,376,752,Offnet
732,0710000068,0710000024,2026-01-18,543,1086,Onnet
733,0740000054,0755123456,2026-03-31,104,208,Onnet
734,0710000028,0755123456,2026-03-17,379,758,Onnet
735,0710000097,0755123456,2026-06-16,584,1168,Onnet
736,0740000015,0755123456,2026-06-14,256,512,Onnet
737,0740000006,0755123456,2026-01-30,400,800,Offnet
738,0710000033,0755123456,2026-05-13,35,70,Offnet
739,0710000066,0755123456,2026-01-12,508,1016,Offnet
740,0710000084,0710000066,2026-01-25,94,188,Onnet
741,0710000099,0772123456,2026-01-17,651,1302,Onnet
742,0710000086,0772123456,2026-06-25,895,1790,Offnet
743,0710000014,0710000090,2026-04-22,769,1538,Onnet
744,0740000096,0772123456,2026-03-26,480,960,Onnet
745,0740000012,0740000023,2026-03-06,823,1646,Onnet
746,0740000074,0755123456,2026-04-10,427,854,Offnet
747,0740000081,0755123456,2026-04-10,27,54,Onnet
748,0740000069,0710000093,2026-01-17,643,1286,Onnet
749,0710000090,0755123456,2026-01-28,524,1048,Offnet
750,0710000088,0772123456,2026-04-23,298,596,Offnet
751,0740000051,0772123456,2026-02-10,495,990,Onnet
752,0710000018,+256781234567,2026-06-12,312,624,Onnet
753,0740000039,+256781234567,2026-04-06,673,1346,Onnet
754,0710000071,0772123456,2026-01-11,136,272,Onnet
755,0740000074,+256781234567,2026-01-22,570,1140,Offnet
756,0710000027,+256781234567,2026-02-24,362,724,Offnet
757,0710000083,0772123456,2026-02-17,174,348,Onnet
758,0710000079,0772123456,2026-02-16,127,254,Onnet
759,0710000097,+256781234567,2026-06-15,482,964,Onnet
760,0710000038,0755123456,2026-02-20,110,220,Offnet
761,0710000043,+256781234567,2026-03-02,681,1362,Onnet
762,0710000037,0772123456,2026-05-05,335,670,Offnet
763,0710000043,0755123456,2026-05-30,720,1440,Onnet
764,0710000073,0755123456,2026-02-13,448,896,Onnet
765,0740000041,0740000029,2026-06-14,739,1478,Offnet
766,0740000036,0772123456,2026-03-26,705,1410,Offnet
767,0740000060,0755123456,2026-05-22,508,1016,Onnet
768,0740000023,0772123456,2026-03-13,871,1742,Onnet
769,0740000069,0740000094,2026-01-20,651,1302,Onnet
770,0710000003,+256781234567,2026-05-29,41,82,Offnet
771,0710000099,0772123456,2026-03-08,574,1148,Offnet
772,0710000084,0755123456,2026-02-27,411,822,Offnet
773,0710000018,+256781234567,2026-04-12,102,204,Offnet
774,0710000065,0740000031,2026-06-07,878,1756,Onnet
775,0710000097,0755123456,2026-02-15,173,346,Onnet
776,0740000095,0755123456,2026-02-26,51,102,Offnet
777,0710000030,0740000048,2026-01-11,249,498,Onnet
778,0710000067,0755123456,2026-05-01,407,814,Offnet
779,0740000006,0710000084,2026-01-27,341,682,Offnet
780,0740000095,0740000070,2026-02-14,593,1186,Offnet
781,0710000084,+256781234567,2026-01-20,679,1358,Offnet
782,0710000049,0772123456,2026-04-14,538,1076,Offnet
783,0710000045,0755123456,2026-01-02,628,1256,Onnet
784,0710000057,0740000010,2026-06-14,536,1072,Offnet
785,0710000028,0740000021,2026-06-04,380,760,Onnet
786,0740000085,0710000043,2026-01-30,747,1494,Offnet
787,0740000087,0772123456,2026-02-11,614,1228,Offnet
788,0710000003,0740000017,2026-06-01,597,1194,Onnet
789,0710000018,0772123456,2026-02-07,596,1192,Onnet
790,0740000022,0710000024,2026-04-14,539,1078,Onnet
791,0710000093,0755123456,2026-02-25,97,194,Offnet
792,0740000078,0755123456,2026-02-26,184,368,Offnet
793,0740000077,0740000075,2026-02-16,850,1700,Offnet
794,0740000022,0755123456,2026-06-02,474,948,Onnet
795,0710000030,0772123456,2026-01-05,121,242,Onnet
796,0710000067,+256781234567,2026-04-18,710,1420,Onnet
797,0740000078,0740000061,2026-06-03,639,1278,Onnet
798,0740000069,0772123456,2026-05-04,105,210,Onnet
799,0740000078,0772123456,2026-06-23,803,1606,Offnet
800,0710000067,0772123456,2026-05-16,724,1448,Offnet
801,0710000030,0755123456,2026-04-08,818,1636,Offnet
802,0710000076,+256781234567,2026-01-26,599,1198,Offnet
803,0710000018,0710000099,2026-01-22,248,496,Offnet
804,0740000077,0755123456,2026-02-18,273,546,Onnet
805,0740000091,0772123456,2026-05-14,601,1202,Onnet
806,0710000067,0710000084,2026-06-26,220,440,Offnet
807,0710000053,0772123456,2026-06-16,446,892,Offnet
808,0740000034,0755123456,2026-04-04,588,1176,Offnet
809,0710000088,0772123456,2026-05-22,433,866,Offnet
810,0740000023,+256781234567,2026-03-06,505,1010,Offnet
811,0740000074,+256781234567,2026-02-05,417,834,Onnet
812,0740000096,0710000090,2026-01-26,175,350,Onnet
813,0710000066,0755123456,2026-05-21,830,1660,Onnet
814,0740000021,+256781234567,2026-01-24,15,30,Onnet
815,0740000061,0755123456,2026-01-17,100,200,Offnet
816,0740000029,+256781234567,2026-04-09,48,96,Offnet
817,0710000079,0755123456,2026-06-02,738,1476,Onnet
818,0710000100,+256781234567,2026-04-23,516,1032,Onnet
819,0740000026,+256781234567,2026-02-19,302,604,Onnet
820,0740000077,+256781234567,2026-06-07,247,494,Onnet
821,0740000087,0740000031,2026-01-01,680,1360,Onnet
822,0740000012,0755123456,2026-06-21,371,742,Offnet
823,0740000052,+256781234567,2026-06-30,25,50,Onnet
824,0740000012,+256781234567,2026-05-24,859,1718,Offnet
825,0710000045,0755123456,2026-06-05,241,482,Onnet
826,0710000059,+256781234567,2026-03-08,14,28,Onnet
827,0710000053,+256781234567,2026-05-09,84,168,Offnet
828,0710000044,+256781234567,2026-05-18,273,546,Offnet
829,0740000089,0755123456,2026-05-04,586,1172,Onnet
830,0710000097,0755123456,2026-04-28,707,1414,Onnet
831,0710000062,0740000009,2026-06-12,401,802,Onnet
832,0740000087,0755123456,2026-04-01,432,864,Onnet
833,0710000090,0772123456,2026-01-24,304,608,Offnet
834,0740000087,0755123456,2026-05-22,87,174,Onnet
835,0740000061,0772123456,2026-03-10,597,1194,Onnet
836,0740000096,0772123456,2026-02-21,520,1040,Onnet
837,0740000095,0740000034,2026-02-28,221,442,Onnet
838,0710000032,0755123456,2026-01-28,169,338,Onnet
839,0710000011,+256781234567,2026-06-07,514,1028,Onnet
840,0740000098,0772123456,2026-05-04,878,1756,Offnet
841,0710000080,+256781234567,2026-03-12,899,1798,Offnet
842,0710000024,+256781234567,2026-04-12,296,592,Onnet
843,0710000097,0772123456,2026-04-19,548,1096,Offnet
844,0740000070,0710000045,2026-06-25,413,826,Onnet
845,0710000059,+256781234567,2026-04-28,540,1080,Offnet
846,0740000089,0740000087,2026-04-08,225,450,Onnet
847,0740000042,0755123456,2026-05-21,201,402,Offnet
848,0740000031,0710000079,2026-04-04,361,722,Onnet
849,0710000064,0755123456,2026-04-06,727,1454,Offnet
850,0740000052,0710000024,2026-02-03,595,1190,Onnet
851,0710000013,0772123456,2026-04-21,578,1156,Offnet
852,0740000026,0740000095,2026-05-02,163,326,Onnet
853,0740000023,0772123456,2026-06-11,879,1758,Offnet
854,0710000063,+256781234567,2026-05-26,889,1778,Onnet
855,0740000051,0740000021,2026-02-25,71,142,Offnet
856,0740000061,0772123456,2026-03-27,470,940,Offnet
857,0740000047,+256781234567,2026-03-07,839,1678,Offnet
858,0710000003,0755123456,2026-06-23,898,1796,Onnet
859,0740000074,+256781234567,2026-02-14,561,1122,Offnet
860,0740000046,+256781234567,2026-04-25,509,1018,Onnet
861,0710000049,0755123456,2026-02-07,656,1312,Onnet
862,0740000082,0755123456,2026-06-11,441,882,Offnet
863,0740000010,0710000044,2026-03-22,243,486,Offnet
864,0710000084,0740000035,2026-06-15,629,1258,Offnet
865,0740000035,0755123456,2026-05-31,775,1550,Offnet
866,0710000053,0710000003,2026-03-02,138,276,Offnet
867,0740000096,0772123456,2026-02-12,225,450,Offnet
868,0710000014,0740000061,2026-01-14,571,1142,Onnet
869,0710000099,0772123456,2026-03-09,116,232,Onnet
870,0710000011,0755123456,2026-02-28,326,652,Onnet
871,0740000095,0740000081,2026-02-03,139,278,Onnet
872,0710000004,0740000046,2026-03-25,891,1782,Offnet
873,0740000060,+256781234567,2026-05-21,288,576,Offnet
874,0710000018,+256781234567,2026-02-15,562,1124,Offnet
875,0740000081,+256781234567,2026-05-15,455,910,Offnet
876,0710000045,0772123456,2026-01-23,834,1668,Offnet
877,0740000040,0755123456,2026-03-19,169,338,Onnet
878,0710000001,0772123456,2026-03-15,362,724,Offnet
879,0740000069,0710000063,2026-05-03,783,1566,Offnet
880,0710000002,0755123456,2026-03-01,621,1242,Onnet
881,0710000071,0755123456,2026-04-22,584,1168,Offnet
882,0710000032,0740000095,2026-04-10,671,1342,Offnet
883,0740000029,0710000055,2026-03-03,650,1300,Offnet
884,0710000037,+256781234567,2026-03-10,838,1676,Offnet
885,0740000025,0772123456,2026-03-16,149,298,Onnet
886,0740000082,0755123456,2026-06-29,288,576,Offnet
887,0740000025,0772123456,2026-05-17,60,120,Onnet
888,0710000024,0755123456,2026-02-02,285,570,Offnet
889,0740000094,0740000012,2026-01-04,164,328,Offnet
890,0710000028,0755123456,2026-05-08,814,1628,Offnet
891,0740000060,0772123456,2026-01-21,348,696,Onnet
892,0710000008,0740000051,2026-05-20,83,166,Offnet
893,0710000024,0710000033,2026-04-08,846,1692,Onnet
894,0740000016,+256781234567,2026-04-09,264,528,Offnet
895,0710000032,0772123456,2026-04-28,213,426,Onnet
896,0710000067,0772123456,2026-04-10,494,988,Offnet
897,0740000042,0740000094,2026-05-21,53,106,Onnet
898,0710000033,0755123456,2026-04-03,213,426,Onnet
899,0710000086,0740000015,2026-06-12,251,502,Offnet
900,0740000042,0740000036,2026-01-31,608,1216,Offnet
901,0710000032,0740000006,2026-06-26,605,1210,Offnet
902,0740000089,0755123456,2026-01-23,799,1598,Onnet
903,0740000021,+256781234567,2026-03-28,643,1286,Onnet
904,0710000008,0772123456,2026-05-18,728,1456,Onnet
905,0740000017,0755123456,2026-06-15,581,1162,Offnet
906,0710000057,0772123456,2026-04-07,715,1430,Offnet
907,0710000093,0740000006,2026-06-30,506,1012,Offnet
908,0740000072,0710000090,2026-02-18,511,1022,Onnet
909,0740000070,+256781234567,2026-03-12,489,978,Onnet
910,0740000009,0755123456,2026-03-09,312,624,Offnet
911,0710000059,0740000082,2026-04-08,528,1056,Onnet
912,0710000003,0755123456,2026-06-08,804,1608,Onnet
913,0740000042,+256781234567,2026-04-10,561,1122,Onnet
914,0710000068,+256781234567,2026-06-06,167,334,Offnet
915,0740000042,0755123456,2026-01-25,123,246,Onnet
916,0740000006,0772123456,2026-01-09,192,384,Onnet
917,0710000014,0772123456,2026-05-27,42,84,Offnet
918,0740000085,+256781234567,2026-06-01,728,1456,Offnet
919,0740000007,+256781234567,2026-01-19,745,1490,Onnet
920,0710000027,0772123456,2026-06-13,489,978,Onnet
921,0740000047,0755123456,2026-04-05,851,1702,Onnet
922,0710000079,0740000006,2026-01-19,761,1522,Offnet
923,0740000010,+256781234567,2026-01-26,109,218,Onnet
924,0740000069,0772123456,2026-06-18,548,1096,Onnet
925,0710000073,0772123456,2026-05-23,581,1162,Offnet
926,0740000096,0740000082,2026-04-02,600,1200,Offnet
927,0710000090,0772123456,2026-02-16,180,360,Offnet
928,0710000065,0772123456,2026-06-03,556,1112,Offnet
929,0740000046,+256781234567,2026-04-06,342,684,Offnet
930,0740000098,+256781234567,2026-06-05,341,682,Onnet
931,0710000073,0755123456,2026-05-21,794,1588,Offnet
932,0740000047,0755123456,2026-01-01,416,832,Onnet
933,0710000037,+256781234567,2026-03-19,148,296,Onnet
934,0740000039,0772123456,2026-03-22,886,1772,Onnet
935,0710000099,+256781234567,2026-03-12,852,1704,Onnet
936,0710000013,0740000046,2026-02-05,169,338,Offnet
937,0740000047,0772123456,2026-03-07,248,496,Offnet
938,0740000012,+256781234567,2026-01-20,232,464,Offnet
939,0710000062,0740000089,2026-05-28,729,1458,Onnet
940,0740000077,0772123456,2026-05-28,758,1516,Offnet
941,0710000011,0755123456,2026-04-22,366,732,Offnet
942,0740000016,0772123456,2026-06-17,775,1550,Onnet
943,0740000082,0755123456,2026-03-20,65,130,Onnet
944,0740000041,0772123456,2026-05-09,344,688,Onnet
945,0710000020,0740000094,2026-04-25,412,824,Onnet
946,0740000029,0755123456,2026-02-03,161,322,Offnet
947,0710000011,+256781234567,2026-05-21,60,120,Offnet
948,0740000034,0710000065,2026-06-28,454,908,Onnet
949,0740000098,0740000072,2026-05-05,212,424,Offnet
950,0710000084,+256781234567,2026-05-15,640,1280,Onnet
951,0710000032,0710000100,2026-03-24,450,900,Onnet
952,0740000015,0755123456,2026-03-31,384,768,Onnet
953,0740000042,+256781234567,2026-03-20,34,68,Onnet
954,0710000045,0755123456,2026-02-07,648,1296,Offnet
955,0740000006,0772123456,2026-06-25,214,428,Offnet
956,0710000020,0772123456,2026-01-14,125,250,Onnet
957,0710000080,0755123456,2026-03-29,24,48,Onnet
958,0740000040,0772123456,2026-02-23,349,698,Onnet
959,0710000027,0755123456,2026-05-04,571,1142,Onnet
960,0740000089,0772123456,2026-05-30,395,790,Onnet
961,0710000033,0710000037,2026-06-28,215,430,Offnet
962,0740000007,0772123456,2026-04-10,78,156,Offnet
963,0740000085,+256781234567,2026-01-28,378,756,Onnet
964,0710000038,+256781234567,2026-03-01,405,810,Offnet
965,0710000066,0772123456,2026-05-05,333,666,Onnet
966,0710000024,0710000059,2026-01-06,584,1168,Onnet
967,0710000032,0755123456,2026-05-06,351,702,Offnet
968,0740000096,0710000045,2026-04-01,710,1420,Offnet
969,0740000081,+256781234567,2026-01-16,292,584,Offnet
970,0740000050,0772123456,2026-03-13,578,1156,Onnet
971,0710000020,0755123456,2026-02-05,682,1364,Onnet
972,0740000094,+256781234567,2026-06-10,637,1274,Onnet
973,0740000054,0710000020,2026-03-21,446,892,Offnet
974,0740000058,0772123456,2026-02-05,678,1356,Onnet
975,0710000018,+256781234567,2026-02-04,546,1092,Offnet
976,0710000099,0710000073,2026-03-23,171,342,Onnet
977,0740000072,+256781234567,2026-02-17,131,262,Offnet
978,0740000019,0755123456,2026-04-16,433,866,Offnet
979,0710000057,+256781234567,2026-03-12,766,1532,Onnet
980,0710000100,0740000017,2026-01-07,199,398,Offnet
981,0740000078,0772123456,2026-03-01,620,1240,Onnet
982,0710000088,0710000011,2026-05-03,714,1428,Onnet
983,0710000065,0755123456,2026-06-16,739,1478,Offnet
984,0710000024,0755123456,2026-02-05,495,990,Onnet
985,0740000025,0710000053,2026-01-04,792,1584,Offnet
986,0710000053,0710000086,2026-02-22,217,434,Onnet
987,0740000023,0755123456,2026-06-07,897,1794,Offnet
988,0740000089,0755123456,2026-04-20,262,524,Offnet
989,0710000100,0740000095,2026-04-08,854,1708,Offnet
990,0740000051,+256781234567,2026-06-02,595,1190,Onnet
991,0710000067,0710000059,2026-01-11,856,1712,Onnet
992,0710000067,+256781234567,2026-05-23,50,100,Offnet
993,0710000067,0772123456,2026-03-16,204,408,Offnet
994,0740000051,0755123456,2026-02-12,482,964,Offnet
995,0710000038,0772123456,2026-05-13,716,1432,Onnet
996,0740000060,0755123456,2026-05-09,102,204,Onnet
997,0710000024,+256781234567,2026-02-04,569,1138,Offnet
998,0710000053,0772123456,2026-04-27,193,386,Onnet
999,0710000059,0740000042,2026-06-16,718,1436,Onnet
1000,0740000092,0772123456,2026-06-30,126,252,Offnet
1,0740000009,0755123456,2026-03-22,648,1296,Onnet
